ID_Proyecto,Tipo_Proyecto,Area_m2,Duracion_Meses,Costo_Materiales,Costo_Mano_Obra,Costo_Equipos,Ubicacion,Costo_Total
OBRA00001,Hospitalario,7553.35,52,470581.12,435234.41,261786.86,Urbano,1167602.39
OBRA00002,Residencial,19019.21,17,473501.37,386642.99,452616.03,Periurbano,1312760.39
OBRA00003,Residencial,14666.68,21,,210683.15,446043.03,Urbano,1395017.19
OBRA00004,Hospitalario,36039.9,29,65030.04,263459.43,410749.59,Rural,739239.06
OBRA00005,Hidráulico,3204.77,,374035.52,253276.99,259972.71,Rural,887285.22
OBRA00006,Vial,3204.29,13,827771.7,463732.48,370757.51,Urbano,1662261.69
OBRA00007,Vial,1255.86,36,623058.44,122364.34,261319.56,Urbano,1006742.34
OBRA00008,Vial,17336.91,26,370365.78,735929.6,436106.98,Urbano,1542402.36
OBRA00009,Hospitalario,12062.19,22,910248.55,584904.46,207360.16,Urbano,1702513.17
OBRA00010,Residencial,14190.64,28,783991.59,339113.14,485415.32,Rural,1608520.05
OBRA00011,Hospitalario,509.63,42,301650.67,152140.59,466838.15,Urbano,920629.41
OBRA00012,Hospitalario,19401.21,59,663025.35,709133.97,373385.28,Urbano,1745544.6
OBRA00013,Educativo,16665.61,21,615963.19,664309.13,146913.78,Urbano,1427186.1
OBRA00014,Residencial,4325.55,11,431128.52,585725.6,74510.26,Periurbano,1091364.38
OBRA00015,Educativo,3718.32,13,398608.28,239091.23,428804.69,Periurbano,1066504.2
OBRA00016,Industrial,3749.75,30,376382.45,339883.91,90998.12,Periurbano,807264.48
OBRA00017,Residencial,6154.42,23,636297.99,109116.15,428587.79,Rural,1174001.93
OBRA00018,Residencial,10542.65,30,470289.44,175560.43,250474.85,Urbano,896324.72
OBRA00019,Residencial,8695.71,17,840269.96,632922.81,209212.82,Rural,1682405.59
OBRA00020,Vial,5895.46,20,686122.49,580579.81,452563.48,Urbano,1719265.78
OBRA00021,Vial,12275.87,31,116435.03,486984.04,305886.98,Rural,909306.05
OBRA00022,Educativo,2875.93,46,,719709.58,292540.86,Rural,1670410.25
OBRA00023,Educativo,5913.68,50,307590.06,2395576.1,283795.31,Urbano,1070500.59
OBRA00024,Residencial,7390.6,31,613171.39,389565.36,191873.06,Rural,1194609.81
OBRA00025,Educativo,9175.79,52,696125.33,292085.47,394965.12,Periurbano,1383175.92
OBRA00026,Vial,15725,37,269287.73,754145.35,133871.24,,1157304.32
OBRA00027,Hospitalario,4073.51,15,484015.71,93690.91,470058.53,Periurbano,1047765.15
OBRA00028,Hospitalario,10333.27,21,230808.62,746783.28,448052.75,Urbano,1425644.65
OBRA00029,Hospitalario,11889.05,12,99721.93,666570.29,175365.36,Urbano,941657.58
OBRA00030,Educativo,1024.36,22,409552.6,130046.04,367437.25,Urbano,907035.89
OBRA00031,Industrial,12190.14,28,394797.06,465037.96,290879.37,Urbano,1150714.39
OBRA00032,Vial,3493.43,31,995706.47,697241.95,175448.16,Periurbano,1868396.58
OBRA00033,Industrial,1394.53,26,,470293.06,494375.61,Periurbano,1438703.4
OBRA00034,Educativo,18982.82,27,366891.07,728543.86,22366.3,,1117801.23
OBRA00035,Hidráulico,19316.08,12,601451.26,756097.54,133796.56,Urbano,1491345.36
OBRA00036,Residencial,16187.11,19,134329.02,355236.08,264836.29,,754401.39
OBRA00037,Vial,6161.81,20,963582.45,320531.52,265756.97,Urbano,1549870.94
OBRA00038,Hospitalario,2043.68,58,653212.04,750967.29,298577.21,Periurbano,1702756.54
OBRA00039,Industrial,13716.24,12,767095.93,549857.85,378321.32,Urbano,1695275.1
OBRA00040,Hidráulico,8859.03,14,211954.04,119337.46,315504.14,,646795.64
OBRA00041,Hidráulico,2528.56,56,439003.96,62564.65,304137.92,Rural,805706.53
OBRA00042,Vial,9954.02,53,451554.66,464764.37,36222.09,Urbano,952541.12
OBRA00043,Vial,784.33,13,830716.12,746231.64,194499.84,Urbano,1771447.6
OBRA00044,Hidráulico,18195.48,55,51174.85,680071.5,123707.31,Urbano,854953.66
OBRA00045,Residencial,5249.72,28,335810.45,550402.76,140031.35,Urbano,1026244.56
OBRA00046,Residencial,13284.19,34,982174.56,685596,281625.36,Urbano,1400919.12
OBRA00047,Industrial,6303.05,23,501142.22,225758.17,107757.6,Urbano,834657.99
OBRA00048,Residencial,10449.35,36,413399.97,704143.64,154035.06,Urbano,1271578.67
OBRA00049,Hidráulico,10979.53,35,163837.55,170761.57,126171.51,Urbano,460770.63
OBRA00050,Hidráulico,3778.6,57,975456.4,244398.34,474766.44,Rural,1694621.18
OBRA00051,Educativo,19394.73,44,69025.04,129792.5,472886.21,Urbano,671703.75
OBRA00052,Hidráulico,15525.14,40,750321.21,550603.34,308871.36,Periurbano,1609795.91
OBRA00053,Residencial,18796.03,23,780169.81,756866.38,463016.01,Periurbano,2000052.2
OBRA00054,Hospitalario,17907.06,47,,237105.38,395048.2,Urbano,913627.46
OBRA00055,Industrial,11998.21,,687980.52,396063.09,299074.46,Rural,1383118.07
OBRA00056,Educativo,18445.3,22,138282.69,518441.6,13153.25,Periurbano,669877.54
OBRA00057,Residencial,1861,19,294194.9,799589.01,388532.98,Periurbano,1482316.89
OBRA00058,Industrial,4000.06,36,798506.89,110702.21,354219.29,Urbano,1263428.39
OBRA00059,Residencial,1000.02,29,871451.88,413899.52,311474.29,Urbano,1596825.69
OBRA00060,Educativo,6574.07,40,628062.09,326542.49,382607.91,Rural,1337212.49
OBRA00061,Hidráulico,7834.68,49,531496.51,696681.53,261331.86,Rural,1489509.9
OBRA00062,Hospitalario,5499.85,50,201338.82,396495.15,355000.8,Rural,952834.77
OBRA00063,Educativo,16591.88,39,109953.58,115452.69,468234.32,Urbano,693640.59
OBRA00064,Hidráulico,7199.39,8,161766.58,518506.59,194144.46,Periurbano,874417.63
OBRA00065,Educativo,5690.6,42,265989.44,623501.08,356979.7,Periurbano,1246470.22
OBRA00066,Vial,10899.65,48,374590.78,32218.56,243087.03,,649896.37
OBRA00067,Hospitalario,2904.39,45,411864.05,691396.65,340455.83,Urbano,1443716.53
OBRA00068,Residencial,16063.72,31,379005.68,173237.71,383817.73,Urbano,936061.12
OBRA00069,Residencial,1583.56,28,277102.57,455093.41,32271.73,Periurbano,764467.71
OBRA00070,Hospitalario,19739.05,49,534238.03,350164.08,326834.22,Rural,1211236.33
OBRA00071,Vial,15467.67,44,834021.8,584133.44,121103.18,Rural,1539258.42
OBRA00072,Hidráulico,4054.44,20,315718.36,315794.44,338315.94,Urbano,969828.74
OBRA00073,Residencial,209.89,54,945267.67,699717.65,239481.79,Urbano,1884467.11
OBRA00074,Vial,16327.68,9,879669.83,592482.2,389040.84,Urbano,1861192.87
OBRA00075,Residencial,14166.46,34,203676,528739.14,70466.4,,802881.54
OBRA00076,Industrial,14607.24,27,796962.16,643105.26,316897.95,Rural,1756965.37
OBRA00077,Hidráulico,15448.28,30,595858.01,610597.74,146450.66,Periurbano,1352906.41
OBRA00078,Industrial,1573.49,18,588246.59,57672.78,427961.18,Periurbano,1073880.55
OBRA00079,Hospitalario,7233.47,23,421490.62,333945.45,464907.92,Periurbano,1220343.99
OBRA00080,Hidráulico,2405.79,38,526095.35,746721.62,498235.16,Urbano,1771052.13
OBRA00081,Vial,17275.76,21,427319.84,126807.69,400043.63,Urbano,954171.16
OBRA00082,Hidráulico,12503.63,50,562745.99,597564.34,379329.69,Rural,1539640.02
OBRA00083,Hidráulico,6684.87,47,646552.55,780435.69,115595.37,Periurbano,1542583.61
OBRA00084,Vial,1364.81,49,690588.62,70192.94,174643.46,Urbano,935425.02
OBRA00085,Hospitalario,6288.55,7,555857.13,555289.29,238184.45,Urbano,1349330.87
OBRA00086,Hidráulico,6571.15,40,735350.96,390478.69,388956.71,Urbano,1514786.36
OBRA00087,Hospitalario,14619.16,47,184214.15,475964.95,458333.27,Rural,1118512.37
OBRA00088,Hospitalario,12787.39,39,251383.37,95712.83,102678.16,Urbano,449774.36
OBRA00089,Hospitalario,17755.53,35,827798.25,63115.35,461960.07,Urbano,1352873.67
OBRA00090,Residencial,9497.08,18,356401.58,543487.33,350856.08,Urbano,1250744.99
OBRA00091,Educativo,2479.93,18,71749.13,663948.26,309277.66,Urbano,1044975.05
OBRA00092,Hospitalario,14293.57,23,196101.59,632151.81,107922.22,Periurbano,936175.62
OBRA00093,Vial,15239.62,37,262433.71,448730.41,37207.27,Urbano,748371.39
OBRA00094,Educativo,11269.42,37,959456.74,106897.45,288547.8,Rural,1354901.99
OBRA00095,Hospitalario,15442.25,40,594389.36,559794.22,329242.68,Rural,1483426.26
OBRA00096,Vial,9926.53,44,936094.2,216254.44,113282.91,Periurbano,1265631.55
OBRA00097,Vial,10502.38,,596405.18,731522.9,282663.54,Urbano,1610591.62
OBRA00098,Industrial,8608.07,57,505386.72,675464.33,429681.77,,1610532.82
OBRA00099,Industrial,605.84,34,348041.31,576224.88,419182.31,Urbano,1343448.5
OBRA00100,Hidráulico,2247.04,54,626052.4,760611.39,464404.04,Periurbano,1851067.83
OBRA00101,Hospitalario,725.44,34,182238.12,54194.8,189284.05,Periurbano,425716.97
OBRA00102,Hospitalario,12764.57,58,903348.55,596874.33,165844.29,Urbano,1666067.17
OBRA00103,Educativo,6355.68,49,837865.78,284286.94,377218.74,Urbano,1499371.46
OBRA00104,Vial,10220.56,21,351654.88,727670.73,221245.08,Urbano,1300570.69
OBRA00105,Hospitalario,18160.57,49,955157.65,235339.9,52898.85,Urbano,1243396.4
OBRA00106,Hidráulico,5060.92,52,833940.73,588139.5,148572.55,Urbano,1570652.78
OBRA00107,Residencial,8266.62,15,682991.54,705788.21,215105.32,Urbano,1603885.07
OBRA00108,Vial,15135.47,35,165673.82,62075.75,153333.05,Urbano,381082.62
OBRA00109,Residencial,4653.08,30,504322.32,336188.64,172780.73,Urbano,1013291.69
OBRA00110,Hidráulico,1631.9,44,,616977.95,153950.19,Urbano,1301730.32
OBRA00111,Industrial,5866.05,25,270923.79,380287.54,30334.59,Urbano,681545.92
OBRA00112,Hidráulico,3308.3,10,125967.12,235784.52,322176.4,Urbano,683928.04
OBRA00113,Residencial,18600.98,6,787887.45,199250.12,302673.29,Urbano,1289810.86
OBRA00114,Vial,16181.6,35,165933.3,131269.07,330157.91,Urbano,627360.28
OBRA00115,Educativo,12704.73,54,614576.21,689989.76,104231.85,Urbano,1408797.82
OBRA00116,Hospitalario,17442.07,8,939626.72,473023.66,154870.73,Periurbano,1567521.11
OBRA00117,Hidráulico,16093.07,50,882299.93,88816.41,313611.8,Urbano,1284728.14
OBRA00118,Vial,3812.74,19,313864.99,324586.85,303817.51,Urbano,942269.35
OBRA00119,Hospitalario,17861.92,35,858876.21,313154.91,258101.85,Urbano,1430132.97
OBRA00120,Industrial,10832.91,55,50315.88,169939.18,181702.49,Periurbano,401957.55
OBRA00121,Industrial,16168.06,9,66803.42,365340.87,457336.19,Periurbano,889480.48
OBRA00122,Hospitalario,17932.22,23,622425.51,285716.51,176487.42,Periurbano,1084629.44
OBRA00123,Industrial,6428.27,42,396558.31,293188.85,233253.39,Rural,923000.55
OBRA00124,Vial,2290.03,,417137.8,599050.45,342275.78,Urbano,1358464.03
OBRA00125,Hidráulico,4635.91,53,586219.04,201912.81,276080.5,Urbano,1064212.35
OBRA00126,Vial,8599.44,6,232193.33,524232.17,179974.13,Urbano,936399.63
OBRA00127,Vial,16378.49,58,251167.58,469400.21,223465.95,Periurbano,944033.74
OBRA00128,Hospitalario,17228.54,51,510371.51,467431.23,399295.6,Rural,1377098.34
OBRA00129,Educativo,238.35,20,766540.87,540515.66,146283.29,Rural,1453339.82
OBRA00130,Educativo,10263.87,14,638522.86,452254.17,79705.07,Urbano,1170482.1
OBRA00131,Hidráulico,8406.48,20,332487.3,707026.44,163449.97,Periurbano,1202963.71
OBRA00132,Hospitalario,4519.95,54,458820.32,550196.67,426271.77,Urbano,1435288.76
OBRA00133,Educativo,2485.32,29,212131.52,451161.7,53604.96,Urbano,716898.18
OBRA00134,Industrial,6818.54,9,120898.32,668917.6,495931.08,Urbano,1285747
OBRA00135,Educativo,18863.9,,793561.24,496732.85,275091.42,Urbano,1565385.51
OBRA00136,Industrial,6531.74,42,302118.04,254181.07,492574.41,Urbano,1048873.52
OBRA00137,Hidráulico,10423.93,42,218878.07,189463.09,470108.25,Periurbano,878449.41
OBRA00138,Vial,14090.08,48,707037.15,147292.39,231878.72,Urbano,1086208.26
OBRA00139,Vial,7336.23,11,637149.09,722580.51,107260.63,Urbano,1466990.23
OBRA00140,Educativo,19438.46,44,651530.14,576804.28,90793.54,,1319127.96
OBRA00141,Industrial,19252.7,51,267449.87,751781.4,127594.79,Urbano,1146826.06
OBRA00142,Residencial,5110.47,,271013.26,494534.69,357964.99,Periurbano,1123512.94
OBRA00143,Residencial,9995.25,16,259762.5,394518.68,143745.5,Rural,798026.68
OBRA00144,Residencial,6087.48,18,215064.97,75981.7,177298.38,Rural,468345.05
OBRA00145,Vial,5768.33,39,672937.49,547164.56,229901.61,Periurbano,1450003.66
OBRA00146,Hospitalario,834.05,30,855615.09,478300.75,457484.01,Rural,1791399.85
OBRA00147,Vial,12230.33,12,738101.6,792460.85,102802.77,Urbano,1633365.22
OBRA00148,Hospitalario,10103.31,57,802488.95,214152.26,12463.01,Rural,1029104.22
OBRA00149,Industrial,1124.43,9,434558.51,438667.76,39447.24,Urbano,912673.51
OBRA00150,Educativo,5645.06,13,671372.01,531237.15,453335.51,Urbano,1655944.67
OBRA00151,Residencial,18174.49,,386524.43,526335.2,327283.07,Urbano,1240142.7
OBRA00152,Industrial,4867.28,34,549229.39,462196.03,143789.9,Rural,1155215.32
OBRA00153,Industrial,2983.41,59,507553.1,628234.57,96824.33,Rural,1232612
OBRA00154,Educativo,9840.11,58,218042.79,187835.53,154190.7,Urbano,560069.02
OBRA00155,Industrial,19714.44,56,417724.82,588732.94,66250.49,Rural,1072708.25
OBRA00156,Educativo,4916.9,50,965631.16,507195.62,471351.13,Periurbano,1944177.91
OBRA00157,Hidráulico,13475.5,,286151.24,719977.84,394261.03,Urbano,1400390.11
OBRA00158,Educativo,15256.23,15,177113.55,682339.72,236571.68,Urbano,1096024.95
OBRA00159,Residencial,4828.99,48,447651.59,272663.22,433831.68,Rural,1154146.49
OBRA00160,Hospitalario,14591.51,39,800820.85,242702.74,132234.52,Urbano,1175758.11
OBRA00161,Hospitalario,7418.88,31,603040.82,785873.06,361389.08,Rural,1750302.96
OBRA00162,Residencial,12682.89,46,696926.09,435994.19,429504.92,Urbano,1562425.2
OBRA00163,Hospitalario,12707.24,54,230210.11,727944.14,184816.67,Urbano,1142970.92
OBRA00164,Educativo,10761.92,8,638000.78,156188.39,381157.58,Rural,1175346.75
OBRA00165,Hidráulico,1896.77,11,357325.38,524970.56,154585.45,Rural,1036881.39
OBRA00166,Hospitalario,16722.52,10,842588.2,653592.34,156440,Periurbano,1652620.54
OBRA00167,Hidráulico,6483.52,10,647833.87,759494.34,62458.02,Periurbano,1469786.23
OBRA00168,Residencial,3811.72,59,238913.46,289751.91,225628.44,Rural,754293.81
OBRA00169,Hidráulico,911.43,52,111385.85,588235.5,367558.83,Rural,1067180.18
OBRA00170,Industrial,11858.77,28,90501.55,444886.02,470708.19,Urbano,1006095.76
OBRA00171,Vial,13583.53,54,402838.14,76684.27,305860.53,Urbano,785382.94
OBRA00172,Industrial,430.1,14,302558.58,561299.8,432936.41,Urbano,1296794.79
OBRA00173,Residencial,10290.65,40,663785.62,561374.35,413022.38,Periurbano,1638182.35
OBRA00174,Hospitalario,4607.27,25,524367.14,746567.24,94938.1,Urbano,1365872.48
OBRA00175,Hospitalario,12938.94,54,302718.31,412930.58,248050.54,Urbano,963699.43
OBRA00176,Hidráulico,3569.89,47,191775.89,207293.21,67292.53,Urbano,466361.63
OBRA00177,Educativo,13849.66,40,170839.77,64314.14,344255.05,Rural,579408.96
OBRA00178,Vial,7796.03,55,871427.37,350044.48,475450.84,Periurbano,1696922.69
OBRA00179,Educativo,18740.93,23,281304.07,262475.86,77173.83,Urbano,620953.76
OBRA00180,Residencial,2836.67,22,669125.12,616038,369602.73,Periurbano,1654765.85
OBRA00181,Hospitalario,6887.22,29,820151.63,302786.18,319796.69,Urbano,1442734.5
OBRA00182,Hidráulico,2358.12,8,633377.25,760784.82,295966.47,,1690128.54
OBRA00183,Hospitalario,18501.4,37,866586.97,770978.86,201158.91,Periurbano,1838724.74
OBRA00184,Educativo,17559.05,40,422774.04,508099.61,184014.51,Urbano,1114888.16
OBRA00185,Educativo,5233.04,43,958411.08,745068.42,32172.1,Periurbano,1735651.6
OBRA00186,Vial,13233.68,18,176487.75,615857.85,116775.27,Urbano,909120.87
OBRA00187,Vial,16362.72,52,147042.05,451081.92,17436.67,Urbano,615560.64
OBRA00188,Hidráulico,11148.5,30,675757.54,168837.11,294894.38,Periurbano,1139489.03
OBRA00189,Vial,10640.05,14,945689.58,383120.42,61868.09,Urbano,1390678.09
OBRA00190,Educativo,4912.86,9,818439.29,461873.34,437779.5,,1718092.13
OBRA00191,Educativo,1952.75,19,122596.02,695250.42,266340.08,Periurbano,1084186.52
OBRA00192,Residencial,17954.59,42,315399.33,400626.7,352848.06,Urbano,1068874.09
OBRA00193,Educativo,18018.32,39,,721209.5,211319.98,,1866332.42
OBRA00194,Hidráulico,12698.72,16,290405.51,549248.71,284684.11,Urbano,1124338.33
OBRA00195,Industrial,6846.69,46,792111.9,135489.28,471903,Urbano,1399504.18
OBRA00196,Residencial,7049.27,8,833875.59,796135.65,50539.68,Urbano,1680550.92
OBRA00197,Residencial,14546.52,33,,435969.15,134429.51,Urbano,1091078.16
OBRA00198,Hidráulico,17952.49,34,417031.46,331730.89,392194.28,Urbano,1140956.63
OBRA00199,Hidráulico,17753.02,14,477618.21,537517.6,58381.23,Urbano,1073517.04
OBRA00200,Vial,15619.52,8,265616.46,113847.85,47073.94,Periurbano,426538.25
OBRA00201,Residencial,12876.43,30,894921.37,520134.76,187155.29,Periurbano,1602211.42
OBRA00202,Vial,1774.39,39,478088.67,413641.72,55162.3,Rural,946892.69
OBRA00203,Educativo,3316.41,17,888336.47,1715695.15,296688.44,Urbano,1528163.94
OBRA00204,Residencial,17981.23,47,150408.81,763825.42,120874.87,Periurbano,1035109.1
OBRA00205,Residencial,12167.94,14,988861.51,432355.58,448892,Urbano,1870109.09
OBRA00206,Hospitalario,283.02,,471109.43,198720.46,393915.04,Rural,1063744.93
OBRA00207,Industrial,2119.28,,95439.28,383401.88,352855.55,Periurbano,831696.71
OBRA00208,Residencial,13303.69,30,86120.76,737928.3,312302.57,Urbano,1136351.63
OBRA00209,Educativo,200.73,10,758896.89,827967.55,433098.21,Rural,1357588.61
OBRA00210,Vial,3300.08,16,676083.76,194746.92,119300.41,Periurbano,990131.09
OBRA00211,Vial,11019.8,39,812024.03,40032.77,437823.33,Periurbano,1289880.13
OBRA00212,Hospitalario,13868.71,29,150099.16,40926.34,396851.23,Rural,587876.73
OBRA00213,Industrial,13074.03,20,83792.32,668631.55,376598.8,Urbano,1129022.67
OBRA00214,Educativo,4562.96,43,533150.32,593734.41,285015.28,Urbano,1411900.01
OBRA00215,Vial,14272.37,13,418215.47,303381.61,130659.64,Urbano,852256.72
OBRA00216,Hidráulico,4821.26,10,488849.59,567699.59,217538.48,Rural,1274087.66
OBRA00217,Educativo,6575.45,53,992008.99,334308.56,398849.62,Urbano,1725167.17
OBRA00218,Educativo,14955.18,31,972212.46,763730.53,25571.46,Periurbano,1761514.45
OBRA00219,Industrial,13027.69,23,945199.62,774630.56,393204.88,Urbano,2113035.06
OBRA00220,Vial,16999.55,11,794650.54,332451.21,127634.66,Urbano,1254736.41
OBRA00221,Educativo,13186.5,42,387099.29,687750.87,80711.51,Urbano,1155561.67
OBRA00222,Hospitalario,11409.34,53,441524.38,625278.56,66693.65,Rural,1133496.59
OBRA00223,Hospitalario,1964.13,18,572135.24,268699.95,23352.51,Urbano,864187.7
OBRA00224,Vial,7417.54,33,839007.73,208670.67,266557.38,Urbano,1314235.78
OBRA00225,Hospitalario,5377.53,10,115277.19,382840.68,116947.34,Urbano,615065.21
OBRA00226,Hidráulico,4955.39,18,453082.04,631638.61,494821.57,Urbano,1579542.22
OBRA00227,Industrial,19462.91,22,128486.78,769329.19,291474.01,Urbano,1189289.98
OBRA00228,Hospitalario,7922.64,55,538924.71,617955.88,77563.78,Periurbano,1234444.37
OBRA00229,Hospitalario,17851.73,45,903955.78,688509.38,347493.64,Urbano,1939958.8
OBRA00230,Hidráulico,12659.66,50,793360.68,494359.52,449894.35,Urbano,1737614.55
OBRA00231,Industrial,15916.74,37,266450.3,673264.03,375137.95,Periurbano,1314852.28
OBRA00232,Educativo,10102.48,34,977191.31,634004.06,47455.53,Periurbano,1658650.9
OBRA00233,Industrial,11580.39,56,683982.88,320278.87,448983.25,Rural,1453245
OBRA00234,Residencial,9901.1,8,59906.31,455032.53,399025.4,Urbano,913964.24
OBRA00235,Vial,3985.34,45,292642.81,649659.9,87568.91,Periurbano,1029871.62
OBRA00236,Vial,14476.8,39,297677.63,65463.69,35375.09,,398516.41
OBRA00237,Residencial,5687.37,,115791.59,652221.05,283082.18,Rural,1051094.82
OBRA00238,Hidráulico,583.89,32,961835.19,166973.86,86457.55,Urbano,1215266.6
OBRA00239,Residencial,12944.9,18,504342.53,426306.39,418949.57,Urbano,1349598.49
OBRA00240,Educativo,3624.5,50,901023.87,652372.09,185583.98,Rural,1738979.94
OBRA00241,Educativo,18815.13,38,356104.73,225442.23,457317.3,Urbano,1038864.26
OBRA00242,Vial,19083.18,11,,219271.73,287187.2,Urbano,675430.82
OBRA00243,Educativo,18305.8,,500619.3,340128.59,99509.47,Periurbano,940257.36
OBRA00244,Vial,7466.16,24,158258.8,718874.95,78403.45,Rural,955537.2
OBRA00245,Residencial,407.59,21,511714.73,30340.94,292471.49,Urbano,834527.16
OBRA00246,Residencial,18573.54,45,924282.32,724064.98,383322.97,Rural,2031670.27
OBRA00247,Hospitalario,8620.86,33,544729.73,148431.41,392937.77,Urbano,1086098.91
OBRA00248,Hospitalario,19336.43,38,635674.74,792366.51,145121.13,Urbano,1573162.38
OBRA00249,Residencial,19276.04,53,198806.52,765232.18,110080.91,Rural,1074119.61
OBRA00250,Vial,17074.89,46,91548.84,410899.9,18210.59,Urbano,520659.33
OBRA00251,Residencial,5959.53,,155267.56,424794.59,342807.58,Urbano,922869.73
OBRA00252,Residencial,7763.44,48,618605,400792.99,47518.45,Periurbano,1066916.44
OBRA00253,Hidráulico,17037.62,50,140261.11,519291.61,216172.99,Urbano,875725.71
OBRA00254,Residencial,6406.75,30,407193.25,99855.71,304824.26,Urbano,811873.22
OBRA00255,Educativo,3472.91,58,572587.34,55115.82,469183.38,Periurbano,1096886.54
OBRA00256,Vial,11180.35,47,419220.16,74431.25,162783.05,Rural,656434.46
OBRA00257,Hidráulico,18729.48,41,205499.61,372161.32,132388.36,Rural,710049.29
OBRA00258,Hospitalario,13950.99,32,310101.74,242171.91,330538.48,Periurbano,882812.13
OBRA00259,Industrial,11444.22,43,931901.66,508970.46,313427.13,Urbano,1754299.25
OBRA00260,Vial,2033.81,12,692183.16,794180.56,172733.79,Rural,1659097.51
OBRA00261,Educativo,12338.64,10,521245.45,327468.84,464769.9,Urbano,1313484.19
OBRA00262,Vial,19802.07,48,,471857.77,423982.54,Periurbano,957919.46
OBRA00263,Hospitalario,2887.67,50,992794.63,350015,119751.45,Urbano,1462561.08
OBRA00264,Educativo,10414.76,56,687882.19,682399.18,127179.85,Rural,1497461.22
OBRA00265,Educativo,17559.72,36,,724722.03,261027.17,Urbano,1336825.55
OBRA00266,Industrial,14841.3,28,,705563.82,389050.33,Urbano,1979919.38
OBRA00267,Vial,13970.61,47,295510.04,780266.62,31579.79,Rural,1107356.45
OBRA00268,Industrial,14079.43,15,566815.75,51189.77,349734.23,Rural,967739.75
OBRA00269,Industrial,7253.87,37,654267.23,676658.44,327635.59,Rural,1658561.26
OBRA00270,Vial,5942.48,48,260010.2,608864.57,123425.25,Urbano,992300.02
OBRA00271,Residencial,16206.29,58,979477.41,206094.7,343862.98,Urbano,1529435.09
OBRA00272,Residencial,16221.26,35,760782.31,766366.47,470689.76,,1997838.54
OBRA00273,Hospitalario,17354.74,44,579922.56,144097,32925.06,Periurbano,756944.62
OBRA00274,Industrial,18273.49,,221564.87,553253.44,166629.51,Rural,941447.82
OBRA00275,Hidráulico,10275.71,23,101165.3,203165.47,224706.59,Periurbano,529037.36
OBRA00276,Industrial,10080.17,41,354056.84,362163.1,450637.58,Periurbano,1166857.52
OBRA00277,Industrial,15986.07,7,765527.97,583753.12,481508.11,Urbano,1830789.2
OBRA00278,Industrial,13034.28,19,305864.73,463759.97,227616.47,Rural,997241.17
OBRA00279,Hospitalario,14069.14,18,562578.41,359176.41,377513.92,Periurbano,1299268.74
OBRA00280,Residencial,15936.27,34,741549.82,281280.59,270513.9,Rural,1293344.31
OBRA00281,Hospitalario,17811.11,17,152546.53,676537.93,273513.64,Periurbano,1102598.1
OBRA00282,Hospitalario,6826.1,44,701033.12,140737.05,146268.76,Rural,988038.93
OBRA00283,Hospitalario,7574.1,7,137277.34,361179.21,116308.56,Urbano,614765.11
OBRA00284,Residencial,1970.24,37,966873.26,725893.33,151122.62,Urbano,1843889.21
OBRA00285,Residencial,11607.77,18,513974.42,681304.15,282600.72,Urbano,1477879.29
OBRA00286,Industrial,815.25,51,193142.3,338725.16,24286.04,Periurbano,556153.5
OBRA00287,Hospitalario,9365.4,32,375264.45,617593.44,454551.98,Rural,1447409.87
OBRA00288,Hidráulico,10898.63,54,442745.63,663833.84,86579.02,Urbano,1193158.49
OBRA00289,Residencial,5802.17,46,770275.76,714443.32,117843.45,Periurbano,1602562.53
OBRA00290,Vial,11857.58,22,756252.6,449269.44,263955.33,Urbano,1469477.37
OBRA00291,Vial,706.95,45,631343.48,187434.88,357956.24,Urbano,1176734.6
OBRA00292,Vial,843.23,36,150634.18,226587.99,56907.24,Rural,434129.41
OBRA00293,Educativo,16469.75,39,193990.9,257684.9,165670.4,Rural,617346.2
OBRA00294,Industrial,7267.79,29,139069.07,487227.91,484650.56,Urbano,1110947.54
OBRA00295,Vial,2628.5,50,598314.14,55263.41,138548.05,Urbano,792125.6
OBRA00296,Industrial,10492.64,40,883281.52,519752.7,163394.57,Urbano,1566428.79
OBRA00297,Vial,15422.87,53,462110.49,310552.76,419884.26,Urbano,1192547.51
OBRA00298,Hidráulico,4394.84,11,202805.77,257336.19,34605.07,Urbano,494747.03
OBRA00299,Industrial,12495.52,24,580140.21,707212.36,237660.45,Urbano,1525013.02
OBRA00300,Vial,1798.41,35,821164.61,384201.84,196012.21,Urbano,1401378.66
OBRA00301,Residencial,1128.47,12,,103190.85,165127.51,Urbano,1022944.82
OBRA00302,Industrial,10673.96,15,887378.24,666595.01,149992.8,Urbano,1703966.05
OBRA00303,Educativo,10858.64,46,314006.99,66683.77,54773.31,Urbano,435464.07
OBRA00304,Residencial,12784.86,37,234256.17,2947984.5,164264.66,Periurbano,988117.73
OBRA00305,Residencial,14549.22,39,885825.66,625907.79,31095.68,Rural,1542829.13
OBRA00306,Hospitalario,19519.46,33,674682.3,301504.01,392672.29,Urbano,1368858.6
OBRA00307,Educativo,10374.38,20,345382.48,665086.65,205131.62,Urbano,1215600.75
OBRA00308,Residencial,6526.83,35,755230.65,427057.74,227512.88,Urbano,1409801.27
OBRA00309,Residencial,15924.21,,824362.47,386736.11,447861.35,Urbano,1658959.93
OBRA00310,Vial,5489.56,34,634229.33,64960.53,332446.94,Urbano,1031636.8
OBRA00311,Vial,8835.53,27,703489.9,253322.48,13948.96,Urbano,970761.34
OBRA00312,Industrial,1661.28,9,406496.91,746877.68,472155.66,,1625530.25
OBRA00313,Industrial,604.48,25,561760.88,331704.45,126200.79,Periurbano,1019666.12
OBRA00314,Industrial,19256.7,37,547951.21,450959.4,62730.95,Urbano,1061641.56
OBRA00315,Vial,16736,41,855645.4,439656.69,386382.81,Urbano,1681684.9
OBRA00316,Industrial,13949.89,55,847965.78,484631.94,255233.88,Periurbano,1587831.6
OBRA00317,Residencial,8238.16,,841046.45,77224.84,222547.58,Urbano,1140818.87
OBRA00318,Vial,3548.56,32,60480.03,308875.72,132256.51,Urbano,501612.26
OBRA00319,Industrial,3213.1,22,762068.21,586808.77,278261.03,,1627138.01
OBRA00320,Residencial,5079.83,17,770742.57,184431.39,144448.46,Urbano,1099622.42
OBRA00321,Industrial,11029.61,27,694459.88,186755.35,451775.67,Rural,1332990.9
OBRA00322,Hidráulico,14320.46,22,768451.42,37769.77,115450.2,Urbano,921671.39
OBRA00323,Industrial,13237.93,15,849871.85,366861.08,443334.02,Urbano,1660066.95
OBRA00324,Hidráulico,5670.68,59,496803.1,709705.47,284108.66,Urbano,1490617.23
OBRA00325,Industrial,19101.82,6,526947.7,69963.73,415959.19,Urbano,1012870.62
OBRA00326,Hospitalario,14784.15,27,168478.35,177161.41,359294.54,Periurbano,704934.3
OBRA00327,Hospitalario,11131.65,31,416107.09,268765.09,351380.6,Rural,1036252.78
OBRA00328,Educativo,12273.24,23,661196.92,593428.05,168929.45,Urbano,1423554.42
OBRA00329,Hospitalario,8450.04,55,791379.79,523289.41,124609.5,Urbano,1439278.7
OBRA00330,Hospitalario,5029.85,19,256348.64,350276.81,113334.25,Urbano,719959.7
OBRA00331,Industrial,7183.86,52,180931.75,614483.08,430023.91,Periurbano,1225438.74
OBRA00332,Vial,15181.14,34,679889.9,499415.88,412009.14,Urbano,1591314.92
OBRA00333,Vial,386.43,17,51785.89,719951.42,225881.03,,997618.34
OBRA00334,Hidráulico,2409.85,41,219453.96,659880.6,74878.26,Urbano,954212.82
OBRA00335,Vial,1015.45,40,77617.81,224666.48,197303.6,Urbano,499587.89
OBRA00336,Residencial,910.5,57,208540.86,239007.7,313478.29,Urbano,761026.85
OBRA00337,Educativo,17123.67,17,222253.32,126524.49,232657.55,Urbano,581435.36
OBRA00338,Hospitalario,14102.79,12,418289.92,289462.84,392292.74,Urbano,1100045.5
OBRA00339,Educativo,9536.06,34,432210.77,799648.82,498835.18,Urbano,1730694.77
OBRA00340,Residencial,2046.9,16,880549.35,342428.4,103654.72,Urbano,1326632.47
OBRA00341,Hospitalario,9883.16,38,534604.23,199776.09,235228.9,Periurbano,969609.22
OBRA00342,Hidráulico,9522.09,11,737234.53,617111.82,221182.11,Urbano,1575528.46
OBRA00343,Residencial,3546.72,52,148930.49,447702.67,159201.34,,755834.5
OBRA00344,Residencial,8733.65,20,264166.82,145193.12,107066.8,Rural,516426.74
OBRA00345,Educativo,8030.24,37,717796.27,323131.05,42189.14,Urbano,1083116.46
OBRA00346,Industrial,12355.42,56,100163.76,349141.68,444688.47,Rural,893993.91
OBRA00347,Educativo,12738.36,16,512267.78,610448.87,215725.86,Periurbano,1338442.51
OBRA00348,Educativo,1001.55,28,,45916.95,253478.8,Urbano,918796.27
OBRA00349,Vial,7554.79,31,622038.36,237145.13,459301.6,Periurbano,1318485.09
OBRA00350,Residencial,12554.61,39,71786.17,428549.15,390382.33,Urbano,890717.65
OBRA00351,Educativo,10112.41,51,356002.6,237011.99,73945.62,Urbano,666960.21
OBRA00352,Residencial,17144.15,39,654666.12,513894.22,287055.78,Urbano,1455616.12
OBRA00353,Vial,13208,34,191549.75,401037.96,226703.62,Urbano,819291.33
OBRA00354,Residencial,3342.4,9,710644.87,308516.9,400633.43,Rural,1419795.2
OBRA00355,Educativo,1504.32,22,758628.95,760890.64,364873.95,Rural,1884393.54
OBRA00356,Residencial,12884.14,40,982870.73,516762.81,348298.8,Periurbano,1847932.34
OBRA00357,Hospitalario,627.58,18,249349.9,130054.86,176866.97,Periurbano,556271.73
OBRA00358,Vial,11756.93,46,833874.13,461270.61,404432.23,Rural,1699576.97
OBRA00359,Industrial,18810.58,44,544281.75,631163.53,35671.73,Rural,1211117.01
OBRA00360,Residencial,11551.94,20,404789.47,575537.07,88216.2,Urbano,1068542.74
OBRA00361,Educativo,7824.58,34,166257.92,162508.71,174455.4,Urbano,503222.03
OBRA00362,Vial,12901.44,34,748730.33,778763.4,47635.65,Urbano,1575129.38
OBRA00363,Educativo,9219.23,16,274064.72,375586.51,125147.2,Rural,774798.43
OBRA00364,Educativo,10957.77,57,,152449.25,416773.98,Urbano,972074.13
OBRA00365,Residencial,18835.15,37,109415.12,168750.73,474643.25,Urbano,752809.1
OBRA00366,Educativo,7783.44,7,811298.57,105640.94,159255.15,Urbano,1076194.66
OBRA00367,Residencial,57683.07,,778259.1,648708.94,139612.74,Urbano,1566580.78
OBRA00368,Industrial,18116.48,19,746935.04,123963.48,147147.4,Urbano,1018045.92
OBRA00369,Hospitalario,3996.24,25,334471.33,126346.45,146082.35,Urbano,606900.13
OBRA00370,Educativo,1480.29,27,214806.07,684863.14,27605.79,Rural,927275
OBRA00371,Educativo,2105.48,16,655675.6,1476725.75,464189.01,,1415209.76
OBRA00372,Educativo,462.61,32,521358.06,53760.59,114712.09,Rural,689830.74
OBRA00373,Hidráulico,1979.41,8,219339.84,69959.38,215802,Urbano,505101.22
OBRA00374,Hidráulico,13691.83,22,701615.71,139471.24,14746.57,Urbano,855833.52
OBRA00375,Vial,1516.65,49,991570.11,194312.88,430397.99,Urbano,1616280.98
OBRA00376,Hospitalario,6447.62,33,,542162.57,368267.1,Urbano,1670288.28
OBRA00377,Hospitalario,16913.02,34,752987.07,151141.24,473910.46,Urbano,1378038.77
OBRA00378,Hidráulico,563.11,26,952797.12,121533.28,392991.58,Urbano,1467321.98
OBRA00379,Vial,16307.92,52,242789.55,618833.74,163716.19,Urbano,1025339.48
OBRA00380,Hidráulico,5708.91,21,,546712.57,131457.95,Urbano,1265442.99
OBRA00381,Industrial,2451.48,42,980664.38,365199.65,351880.99,Urbano,1697745.02
OBRA00382,Vial,13965.07,25,207029.41,452968.52,188415.26,Rural,848413.19
OBRA00383,Hospitalario,12615.96,11,715239.36,270227.7,287445.36,Periurbano,1272912.42
OBRA00384,Hospitalario,17561.69,24,606519.64,401525.32,13066.16,Urbano,1021111.12
OBRA00385,Hidráulico,14727.91,10,607155.14,420137.94,40323.99,Periurbano,1067617.07
OBRA00386,Industrial,16089.27,8,712787.1,328172.7,272330.29,Urbano,1313290.09
OBRA00387,Hidráulico,5712.49,6,933136.08,728060.6,287375.11,Rural,1948571.79
OBRA00388,Residencial,3631.05,43,793452.84,42367.64,378211.94,Rural,1214032.42
OBRA00389,Residencial,15037.23,20,103329.3,632271.87,74663.01,Rural,810264.18
OBRA00390,Industrial,16156.01,39,860091.62,125774.78,261459.71,Urbano,1247326.11
OBRA00391,Educativo,19811.05,40,264264.26,644111.47,105279.35,Urbano,1013655.08
OBRA00392,Educativo,8311.09,54,,504252.18,55666.1,Urbano,967986.74
OBRA00393,Residencial,7503.16,30,488646.17,679324.13,211142.94,Urbano,1379113.24
OBRA00394,Residencial,15550.62,29,506860.7,105086.03,90034.96,Urbano,701981.69
OBRA00395,Educativo,6881.99,17,,460415.09,118673.17,Urbano,1042509.64
OBRA00396,Vial,18622.07,23,940485.63,415837.67,165601.74,Urbano,1521925.04
OBRA00397,Educativo,17182.41,,720718.06,573768.75,137100.32,Urbano,1431587.13
OBRA00398,Hidráulico,8636.98,49,649612.11,441403.72,52919.74,Rural,1143935.57
OBRA00399,Vial,15042.33,21,97349.93,446365.62,54058.96,Periurbano,597774.51
OBRA00400,Hidráulico,15115.4,32,908717.66,360788.88,104692.21,Periurbano,1374198.75
OBRA00401,Residencial,2152.16,13,,267802.51,34774,Urbano,1216497.19
OBRA00402,Vial,18060.8,51,791202.41,401343.56,316963.94,Rural,1509509.91
OBRA00403,Hidráulico,10154.52,30,56677.74,121239.12,150790.09,Periurbano,328706.95
OBRA00404,Hidráulico,16546.5,22,104416.24,770365.27,147075.52,Urbano,1021857.03
OBRA00405,Vial,6468.99,34,263962.52,580096.29,172679.16,Urbano,1016737.97
OBRA00406,Industrial,17920.91,58,174781.94,763399.68,334770.17,Periurbano,1272951.79
OBRA00407,Educativo,7845.11,13,428894.23,204580.08,436610.6,Urbano,1070084.91
OBRA00408,Hospitalario,315.67,20,926491.91,707092.59,381952.6,Urbano,2015537.1
OBRA00409,Hidráulico,18117.1,32,498457.41,652768.29,366489.32,Urbano,1517715.02
OBRA00410,Educativo,1916.6,,62732.5,551407.36,247351.68,Urbano,861491.54
OBRA00411,Hospitalario,6454.34,55,318608.41,511272.47,349964.72,Periurbano,1179845.6
OBRA00412,Educativo,19006.23,57,92365.16,273743.24,280853.56,Rural,646961.96
OBRA00413,Residencial,19017.08,12,84473.24,658636.3,115962.76,Urbano,859072.3
OBRA00414,Hospitalario,11511.41,8,311933.86,416166.91,112208.3,Urbano,840309.07
OBRA00415,Educativo,12673.56,34,311831.72,84586.51,155232.08,Urbano,551650.31
OBRA00416,Hidráulico,9024.07,,797770.27,270904.63,456293.31,Urbano,1524968.21
OBRA00417,Hospitalario,5934.89,58,976092.92,750178.77,278233.27,Urbano,2004504.96
OBRA00418,Residencial,6640.42,29,402646.74,685023.8,369613.63,Periurbano,1457284.17
OBRA00419,Vial,13483.12,8,457442.53,786067.39,179813.79,Urbano,1423323.71
OBRA00420,Hidráulico,15072.25,25,852549.96,513554.9,209780.73,Urbano,1575885.59
OBRA00421,Residencial,15852.42,51,304732.07,220582.76,71527.13,Rural,596841.96
OBRA00422,Residencial,15813.4,20,198562.71,155367.59,93934.53,Urbano,447864.83
OBRA00423,Hospitalario,1915,30,860435.14,173924.12,415404.71,Periurbano,1449763.97
OBRA00424,Educativo,9938.96,35,94175.56,45242.66,296570.93,,435989.15
OBRA00425,Vial,1245.42,19,638714.47,330825.23,175390.91,Rural,1144930.61
OBRA00426,Hidráulico,11035.62,12,583893.21,177399.31,403397.09,Urbano,1164689.61
OBRA00427,Hidráulico,8886.46,22,378624.43,346974.7,130794.75,Urbano,856393.88
OBRA00428,Educativo,17765.31,49,349430.05,749945.71,488256.02,Urbano,1587631.78
OBRA00429,Vial,7083.21,25,783264.84,361515.96,178960.63,Urbano,1323741.43
OBRA00430,Hospitalario,2429.63,41,132103.38,706048.06,175282.37,Rural,1013433.81
OBRA00431,Hidráulico,2945.53,14,274945.09,496238.67,162836.83,Periurbano,934020.59
OBRA00432,Vial,15254.06,43,745826.3,220291.3,69834.64,Rural,1035952.24
OBRA00433,Hospitalario,37207.62,53,570904.55,304008.16,64457.2,Periurbano,939369.91
OBRA00434,Hospitalario,2112.34,27,171588.8,94618.04,327571.47,Rural,593778.31
OBRA00435,Hidráulico,1773.73,59,888028.83,286766.2,438807.84,Urbano,1613602.87
OBRA00436,Educativo,14049.29,58,423775.45,551706.53,397355.05,Urbano,1372837.03
OBRA00437,Industrial,1547.98,58,836474.96,85525.54,79142.72,Rural,1001143.22
OBRA00438,Hidráulico,16455.02,7,798327.36,188159.08,277335.24,Urbano,1263821.68
OBRA00439,Residencial,42462.66,29,643204.17,323709.6,61739.86,Urbano,1028653.63
OBRA00440,Residencial,1718.84,13,519757.07,786178.14,32194.38,Urbano,1338129.59
OBRA00441,Hospitalario,1788.27,16,980573.3,634343.6,331629.07,Periurbano,1946545.97
OBRA00442,Industrial,19734.13,,187716.82,594784.79,272224.64,Urbano,1054726.25
OBRA00443,Hidráulico,7547.99,22,738897.94,119467.04,50191.61,Rural,908556.59
OBRA00444,Residencial,7475.78,13,231631.17,631366.84,27120.23,Periurbano,890118.24
OBRA00445,Residencial,16274.71,26,371349.95,634656.98,494980.64,Urbano,1500987.57
OBRA00446,Hidráulico,18950.25,23,343263.81,492849.08,24710.45,Urbano,860823.34
OBRA00447,Vial,19721.42,35,949684.19,792578.57,227818.84,Urbano,1970081.6
OBRA00448,Hospitalario,15092.23,23,968988.37,280445.51,257263.32,Rural,1506697.2
OBRA00449,Hidráulico,7587.57,51,223864.67,754779.79,67467.27,Rural,1046111.73
OBRA00450,Vial,1761.66,52,70933.4,734342.96,92840.27,,898116.63
OBRA00451,Hospitalario,15565.22,,734007.64,38840.11,182384.45,Urbano,955232.2
OBRA00452,Industrial,11212.24,43,447090.44,376589.73,383221.18,,1206901.35
OBRA00453,Educativo,8542.02,37,134398.23,782370.26,258470.39,Urbano,1175238.88
OBRA00454,Hospitalario,18136.45,16,699566.4,109403.45,322571.92,Rural,1131541.77
OBRA00455,Industrial,2312.83,50,567850.25,451794.21,492735.53,Urbano,1512379.99
OBRA00456,Educativo,9903.24,30,981490.98,783797.28,386322.66,Urbano,2151610.92
OBRA00457,Residencial,325.94,38,266039.02,457731.48,222837.13,Urbano,946607.63
OBRA00458,Residencial,9426.35,,433778.98,176157.78,228756.54,Urbano,838693.3
OBRA00459,Residencial,1220.44,46,565418.51,478281.09,313198.32,Urbano,1356897.92
OBRA00460,Hospitalario,2464.48,13,802114.99,937096.2,336028.95,Urbano,1325563.18
OBRA00461,Vial,2438.77,16,571396.72,430172.28,255348.35,Urbano,1256917.35
OBRA00462,Educativo,13019.29,27,632255.15,87012.51,325982,,1045249.66
OBRA00463,Residencial,14946.29,56,264839.7,496221.66,21530.92,Rural,782592.28
OBRA00464,Hidráulico,11709.04,29,854572.79,427928.25,220515.2,Periurbano,1503016.24
OBRA00465,Educativo,19247.23,46,,599924.25,146679.66,Urbano,1203802.93
OBRA00466,Educativo,7559.92,22,183911.65,515639.36,73295.48,Rural,772846.49
OBRA00467,Vial,5785.67,17,680978.52,453196.83,58777.79,Urbano,1192953.14
OBRA00468,Industrial,17385.12,51,255285.93,561129.71,305564.16,Urbano,1121979.8
OBRA00469,Vial,4549.56,37,142684.38,140835.27,266564.27,Periurbano,550083.92
OBRA00470,Residencial,19268.13,20,868887.56,488426.94,134256.22,Rural,1491570.72
OBRA00471,Hidráulico,341.87,21,487154.15,162525.16,240765.53,Periurbano,890444.84
OBRA00472,Hidráulico,19400.59,59,761819.53,742652.1,251193.83,Urbano,1755665.46
OBRA00473,Residencial,958.88,27,326058.18,82617.26,105554.4,Urbano,514229.84
OBRA00474,Hidráulico,17833.75,33,797621.63,361388.56,329525.6,Periurbano,1488535.79
OBRA00475,Vial,10601.25,25,,565764.06,392650.48,Urbano,1114753.67
OBRA00476,Hospitalario,19860,38,,382677.1,397817.14,Urbano,1168668.95
OBRA00477,Vial,1568.55,15,979158.73,100913.34,305210.22,Rural,1385282.29
OBRA00478,Hospitalario,11121.7,45,804290.23,456101.84,260702.91,Periurbano,1521094.98
OBRA00479,Residencial,19389.12,37,522393.13,524056.57,39893.5,Periurbano,1086343.2
OBRA00480,Hidráulico,10509.65,55,372788.6,571920.08,151037.34,Urbano,1095746.02
OBRA00481,Educativo,12625.03,38,878528.92,317410.06,55703.01,Periurbano,1251641.99
OBRA00482,Industrial,13945.4,7,567605.37,464018.18,482273.35,Urbano,1513896.9
OBRA00483,Educativo,9145.37,38,770503.77,377028.59,76189.27,Urbano,1223721.63
OBRA00484,Hospitalario,12588.41,38,766402.3,547483.15,84369.95,Rural,1398255.4
OBRA00485,Vial,11727.85,46,67048.39,479338.86,445892.54,Urbano,992279.79
OBRA00486,Vial,18033.04,18,169941.09,434832.29,472524.86,Urbano,1077298.24
OBRA00487,Vial,1004.38,35,676647.9,222133.76,385256.23,Rural,1284037.89
OBRA00488,Vial,5691.17,38,203538.82,31554.26,12648.41,Urbano,247741.49
OBRA00489,Industrial,19013.19,18,292718.68,164042.89,10659.67,Urbano,467421.24
OBRA00490,Residencial,17816.25,57,949306.06,120140.85,195269.38,Urbano,1264716.29
OBRA00491,Vial,9167.57,31,582173.15,375795.25,80263.73,Urbano,1038232.13
OBRA00492,Hospitalario,12440.64,27,763193.03,501438.78,19009.21,Urbano,1283641.02
OBRA00493,Hidráulico,5619.89,44,580081.7,194075.46,237392.68,Rural,1011549.84
OBRA00494,Industrial,3843.61,,574887.93,753073.96,472100.33,Rural,1800062.22
OBRA00495,Hospitalario,9327.6,43,139444.31,35145.24,168671.59,Urbano,343261.14
OBRA00496,Hospitalario,7131.71,44,376480.03,624671.78,333958.93,Periurbano,1335110.74
OBRA00497,Vial,11714.76,31,318309.35,511407.67,329595.32,Urbano,1159312.34
OBRA00498,Hidráulico,1646.92,51,421191.95,317637.2,133029.25,Urbano,871858.4
OBRA00499,Vial,19490.46,55,808426.98,68876.49,328708.37,Periurbano,1206011.84
OBRA00500,Hospitalario,19725.59,20,403336.03,513164.66,114043.65,Urbano,1030544.34
OBRA00501,Residencial,13993.42,39,479111.98,326922.4,69783.63,Periurbano,875818.01
OBRA00502,Industrial,10768.32,47,427512.32,750925.7,353677.81,Urbano,1532115.83
OBRA00503,Residencial,6259.6,49,138737.57,447332.36,65586,Rural,651655.93
OBRA00504,Industrial,16294.52,54,469018.55,753531.66,498485.52,Urbano,1721035.73
OBRA00505,Vial,13726.15,45,235828.81,199772.44,99891.68,Urbano,535492.93
OBRA00506,Vial,3336.08,16,227387.13,588808.95,301129.51,Urbano,1117325.59
OBRA00507,Industrial,18227.45,8,139334.3,505281.75,211573.54,Rural,856189.59
OBRA00508,Hidráulico,16468.49,11,,599344.34,71929.35,,1060111.12
OBRA00509,Hidráulico,19001.02,14,769607.79,195294.26,23643.51,Periurbano,988545.56
OBRA00510,Vial,14541.82,11,312619.61,542045.78,315138.82,Urbano,1169804.21
OBRA00511,Vial,12306.96,14,346731.65,413491.1,405311.21,Urbano,1165533.96
OBRA00512,Residencial,8423.04,44,660540.92,601975.23,422587.67,Urbano,1685103.82
OBRA00513,Hospitalario,18661.3,36,236048.77,281824.38,246529.6,Rural,764402.75
OBRA00514,Vial,17334.67,37,902110.03,715343.91,390953.18,Periurbano,2008407.12
OBRA00515,Industrial,999.85,46,544181,94912.01,339695.1,Urbano,978788.11
OBRA00516,Hidráulico,624.7,55,475222.79,651535.78,364884.72,Rural,1491643.29
OBRA00517,Hidráulico,7591.62,17,579929.18,693216.11,251373.51,Urbano,1524518.8
OBRA00518,Residencial,16230.01,13,207732.6,659284.28,320371.75,Rural,1187388.63
OBRA00519,Hidráulico,19746.79,13,632799.48,424799.32,404707.7,Periurbano,1462306.5
OBRA00520,Hidráulico,3093.3,55,394945.7,367556.43,204963.25,Urbano,967465.38
OBRA00521,Hospitalario,11923.2,33,902327.02,797121.96,404929.66,Urbano,2104378.64
OBRA00522,Educativo,7679.73,25,210411.5,206462.4,300088.25,Periurbano,716962.15
OBRA00523,Industrial,19401.3,52,531698.55,451094.49,91291.5,Periurbano,1074084.54
OBRA00524,Hospitalario,16858.17,,618207,546420.15,22095.24,Urbano,1186722.39
OBRA00525,Educativo,16782.74,16,81714.42,569668.08,187749.26,Urbano,839131.76
OBRA00526,Hidráulico,9426.99,25,395508.47,187098.99,277881.2,Urbano,860488.66
OBRA00527,Residencial,8354.91,21,746003.47,533575.45,421511.97,Urbano,1701090.89
OBRA00528,Residencial,5540.8,9,829358.63,660144.57,72467.98,Periurbano,1561971.18
OBRA00529,Hidráulico,1221.87,11,347503.9,68514.3,402101.11,Rural,818119.31
OBRA00530,Vial,17307.98,27,808663.61,731871.4,432874.43,Urbano,1973409.44
OBRA00531,Educativo,16276.73,31,969368.08,52718.12,83836.87,Urbano,1105923.07
OBRA00532,Hidráulico,19994.38,8,864030.24,304097.7,427281.22,Urbano,1595409.16
OBRA00533,Residencial,19933.07,46,161761.79,42176.16,495812.25,Urbano,699750.2
OBRA00534,Residencial,11153.09,47,752743.82,89401.78,366151.03,Urbano,1208296.63
OBRA00535,Educativo,15402.85,19,,731599.58,394537.14,Urbano,1479820.21
OBRA00536,Industrial,18900.84,16,988995.19,303242.84,497263.48,Urbano,1789501.51
OBRA00537,Hidráulico,17007.98,23,511091.03,357074.08,306685.81,Urbano,1174850.92
OBRA00538,Hospitalario,5022.23,59,166312.2,195815.17,160864.33,Urbano,522991.7
OBRA00539,Hidráulico,9065.83,,738926.27,489763.74,420390.11,Urbano,1649080.12
OBRA00540,Industrial,2670.27,28,356860.64,487998.48,311098.03,Urbano,1155957.15
OBRA00541,Educativo,19085.62,17,997224.25,316594.3,294785.76,Urbano,1608604.31
OBRA00542,Educativo,12162.88,18,980793.33,286436.85,134281.42,Urbano,1401511.6
OBRA00543,Residencial,4649.99,30,673327.32,711422.52,380603.79,Urbano,1765353.63
OBRA00544,Industrial,13466.84,50,,325128.86,50016.97,Urbano,548480.96
OBRA00545,Educativo,12400.75,56,702517.95,409995.76,462900.66,Rural,1575414.37
OBRA00546,Vial,7227.44,24,,248144.67,169653.5,Periurbano,556177.13
OBRA00547,Hidráulico,2359.8,51,77895.95,635812.52,72609.58,Rural,786318.05
OBRA00548,Residencial,13464.31,41,831810.52,336035.08,226759.6,Urbano,1394605.2
OBRA00549,Hospitalario,10454.12,50,249265.3,425480.51,30810.26,Periurbano,705556.07
OBRA00550,Industrial,15469.14,13,410075.77,225085.02,345466.84,Rural,980627.63
OBRA00551,Residencial,10451.25,34,974784.52,790497.89,452325.7,Urbano,2217608.11
OBRA00552,Educativo,17058.41,58,369998.48,254451.72,420258.87,Urbano,1044709.07
OBRA00553,Educativo,11082.95,37,331665.29,623471.75,72411.04,Periurbano,1027548.08
OBRA00554,Hospitalario,11262.67,56,922297.6,359171.65,71872.86,Urbano,1353342.11
OBRA00555,Hospitalario,17545.41,49,155211.02,188787.4,408582.9,Urbano,752581.32
OBRA00556,Hospitalario,8129.31,23,771603.29,645783.45,462884.59,Rural,1880271.33
OBRA00557,Hospitalario,2766.9,,988662.29,286877.23,235728.22,Periurbano,1511267.74
OBRA00558,Hospitalario,672.78,23,906231.21,696198.88,254495.85,Urbano,1856925.94
OBRA00559,Vial,15127.23,24,669084.52,734748.03,165948.4,Urbano,1569780.95
OBRA00560,Hidráulico,12444.16,27,348357.76,692064.35,448189.91,Urbano,1488612.02
OBRA00561,Industrial,14111.19,42,291605.88,56956.09,326002.42,Rural,674564.39
OBRA00562,Residencial,4337.99,37,828292.35,636277.48,151243.27,Urbano,1615813.1
OBRA00563,Hospitalario,2813.79,46,,346731.39,156403.61,Urbano,1388965.82
OBRA00564,Hidráulico,389.44,8,549163.17,702766.65,446688.04,Periurbano,1698617.86
OBRA00565,Educativo,7076.69,33,282122.94,521224.78,16680.67,,820028.39
OBRA00566,Hidráulico,11839.36,15,,671905.21,168136.02,Rural,997337.28
OBRA00567,Hospitalario,7905.66,56,132820.49,414562.46,281634.77,Urbano,829017.72
OBRA00568,Residencial,8805.75,40,733123.57,441969.64,82626.56,Urbano,1257719.77
OBRA00569,Hospitalario,18092.76,,449112.79,141178.48,55128.39,Rural,645419.66
OBRA00570,Hidráulico,7030.28,59,910091.88,633670.27,409485.4,Urbano,1953247.55
OBRA00571,Educativo,10328.39,20,752687.74,352930,448258.15,Urbano,1553875.89
OBRA00572,Hidráulico,15694.69,38,231697.4,415061.69,413567.15,Urbano,1060326.24
OBRA00573,Hospitalario,7991.2,12,633088.55,634525.24,450406.07,Rural,1718019.86
OBRA00574,Industrial,12479.53,17,463730.18,491110.96,281024.87,Periurbano,1235866.01
OBRA00575,Hidráulico,17261.04,54,598387.24,184846.02,408006.48,Periurbano,1191239.74
OBRA00576,Industrial,18995.46,35,751165.67,484479.15,198180.89,Urbano,1433825.71
OBRA00577,Hospitalario,3026.76,26,815886.09,343877.3,336471.25,Urbano,1496234.64
OBRA00578,Hidráulico,18539.09,36,851550.46,391534.67,494529.41,Urbano,1737614.54
OBRA00579,Educativo,9893.11,29,291276.13,258998.4,120606.58,Periurbano,463682.39
OBRA00580,Vial,5239.06,25,79559.82,191722.6,201050.88,Urbano,472333.3
OBRA00581,Vial,9236.8,42,752330,246399.32,245223.21,Periurbano,1243952.53
OBRA00582,Industrial,58807.95,9,151026.54,578979.21,77627.59,Urbano,807633.34
OBRA00583,Hospitalario,9903.1,33,349173.61,38849.2,49708.92,Periurbano,437731.73
OBRA00584,Industrial,6642.16,49,53626.28,344758.49,416564.2,Periurbano,814948.97
OBRA00585,Hospitalario,12704.68,25,697586.01,741500.69,488629.24,Periurbano,1927715.94
OBRA00586,Hospitalario,4878.9,29,208775.41,116148.07,208315.28,Urbano,533238.76
OBRA00587,Vial,1609.68,55,672518.29,427646.78,52948.42,Urbano,1153113.49
OBRA00588,Educativo,2664.71,54,992155.49,635622.23,42247.76,Urbano,1670025.48
OBRA00589,Educativo,2648.11,56,,755749.11,446745.92,Urbano,1321532.36
OBRA00590,Hidráulico,3122.86,37,123224.11,605018.01,237268.98,Urbano,965511.1
OBRA00591,Industrial,2862.66,46,373361.09,584835.47,166813.39,Urbano,1125009.95
OBRA00592,Educativo,12853.41,,873067.19,666395.83,243466.02,Urbano,1782929.04
OBRA00593,Residencial,3719.41,58,254753.38,373574.94,165969.01,Rural,794297.33
OBRA00594,Hidráulico,6978.78,39,392358.93,650500.29,249627.53,Rural,1292486.75
OBRA00595,Hidráulico,17946.09,41,115080.14,36132.59,431182.63,Urbano,582395.36
OBRA00596,Vial,9531.84,7,774997.53,741912.01,300227.67,Periurbano,1817137.21
OBRA00597,Industrial,13384.4,20,437891.03,371346.01,350380.35,Urbano,1159617.39
OBRA00598,Educativo,3529.17,39,771286.3,456102.74,188688.63,,1416077.67
OBRA00599,Educativo,3926.55,41,908427.45,226259.33,371867.88,Urbano,1506554.66
OBRA00600,Hospitalario,913.29,11,271124.99,601748.74,336642.37,Periurbano,1209516.1
OBRA00601,Hidráulico,3461.81,44,817026.23,89009.57,68585.38,Urbano,974621.18
OBRA00602,Industrial,5643.95,47,106139.2,701929.57,290595,Urbano,1098663.77
OBRA00603,Industrial,3622.51,56,903905.02,667649.96,135804.31,Rural,1707359.29
OBRA00604,Industrial,1865.18,56,668230.12,196366.29,404006.88,Urbano,1268603.29
OBRA00605,Hospitalario,2500.65,59,880515.39,653179.79,218709.48,Rural,1752404.66
OBRA00606,Vial,9269.5,17,50178.98,635495.45,497395.24,Periurbano,1183069.67
OBRA00607,Educativo,4206.04,8,210627.02,516806.78,55325.21,Periurbano,782759.01
OBRA00608,Industrial,7348.97,50,420271.42,317610.54,392370.45,Urbano,1130252.41
OBRA00609,Hospitalario,10118,23,410527.76,239054.04,340113.85,Urbano,989695.65
OBRA00610,Vial,13838.86,45,265393.86,208473.36,386074.43,,859941.65
OBRA00611,Hospitalario,882.31,26,412531.34,275328.9,160689.6,Urbano,848549.84
OBRA00612,Residencial,16008.27,20,172406.28,725740,251106.7,Urbano,1149252.98
OBRA00613,Hidráulico,12595.22,38,442123.07,89783.4,400289.17,Urbano,932195.64
OBRA00614,Educativo,1727,40,812236.61,668230.88,123945.25,Periurbano,1604412.74
OBRA00615,Hospitalario,17484.21,31,505116.56,298645.36,120756.27,Periurbano,924518.19
OBRA00616,Hospitalario,18425.36,13,67100.08,431631.53,280014.97,Urbano,778746.58
OBRA00617,Educativo,1315.45,41,450371.84,641753.94,266546.15,Urbano,1358671.93
OBRA00618,Hidráulico,5609.87,53,75816.27,710969.94,148308.61,Urbano,935094.82
OBRA00619,Residencial,16143.41,,967931.24,295481.69,156057.07,Urbano,1419470
OBRA00620,Vial,14990.37,28,171081.26,385619.48,146144.13,Rural,702844.87
OBRA00621,Hospitalario,3771.97,47,722303.91,349177.37,388040.91,Rural,1459522.19
OBRA00622,Hidráulico,4266.05,49,974137.51,40203.3,329431.42,Periurbano,1343772.23
OBRA00623,Vial,7472.39,19,834737.1,257876.02,417884.42,Rural,1510497.54
OBRA00624,Vial,9742.01,19,714349.61,383575.71,487981.78,Urbano,1585907.1
OBRA00625,Vial,12403.27,7,847487.86,346542.08,242340.51,Rural,1436370.45
OBRA00626,Residencial,7441.38,42,982708.76,585885.51,42680,Urbano,1611274.27
OBRA00627,Residencial,9304.44,,640277.27,326298.79,33565.23,Urbano,1000141.29
OBRA00628,Vial,14974.67,43,581225.57,406819.87,154875.87,Urbano,1142921.31
OBRA00629,Industrial,830,50,646826.2,360798.62,466946.85,Urbano,1474571.67
OBRA00630,Educativo,5123.5,46,556042.09,600282.13,266374.4,Urbano,1422698.62
OBRA00631,Residencial,14295.66,,653334.65,694488.75,143175.39,Urbano,1490998.79
OBRA00632,Industrial,17914.62,52,477350.1,439554.59,205591.73,Periurbano,1122496.42
OBRA00633,Industrial,10282.38,19,257521.02,637862.79,303311.6,Urbano,1198695.41
OBRA00634,Hospitalario,10689.06,44,164234.87,258525.75,329945.33,Urbano,752705.95
OBRA00635,Educativo,2232.72,30,114923.89,446854.6,85420.56,Urbano,647199.05
OBRA00636,Vial,9003.51,25,300149.99,295827.06,488745.52,Rural,1084722.57
OBRA00637,Hospitalario,10699.08,7,93817.39,348934.71,276938.39,Urbano,719690.49
OBRA00638,Hospitalario,4925.16,44,588812.24,593958.68,76487.28,Periurbano,1259258.2
OBRA00639,Industrial,5457.94,11,319637.02,708880.11,447881.27,Periurbano,1476398.4
OBRA00640,Industrial,7607.95,22,833308.07,123551.45,46572.83,Urbano,1003432.35
OBRA00641,Industrial,499.42,30,120528.83,518672.23,454790.36,Rural,1093991.42
OBRA00642,Vial,6509.38,33,265033.92,478250.73,498317.17,Urbano,1241601.82
OBRA00643,Vial,4307.82,7,743733.84,121179.58,353211.58,Urbano,1218125
OBRA00644,Hospitalario,6617.2,,618867.88,193158.63,387519.14,Rural,1199545.65
OBRA00645,Hospitalario,2483.27,42,111266.71,269471.92,175278.39,Urbano,556017.02
OBRA00646,Residencial,17821.49,10,883377.48,158536.92,471372.66,Urbano,1513287.06
OBRA00647,Residencial,11912.49,6,883398.67,217671.7,269559.84,Urbano,1370630.21
OBRA00648,Industrial,13614.14,45,363887.6,236052.62,368870.34,Urbano,968810.56
OBRA00649,Vial,15804.51,17,373385.55,288468.85,462812.78,Periurbano,1124667.18
OBRA00650,Vial,10019,41,,607030.65,487838.19,Urbano,2084445.78
OBRA00651,Hospitalario,1829.71,50,644867.36,470372.4,418270.13,Rural,1533509.89
OBRA00652,Educativo,10788.42,28,554750.69,789409.94,158478.58,Urbano,1502639.21
OBRA00653,Industrial,11778.14,52,846244.57,349346.59,483608.28,Rural,1679199.44
OBRA00654,Residencial,14934.25,36,321025.82,610476.11,317778.57,Urbano,1249280.5
OBRA00655,Educativo,8690.02,16,457723.46,701030.68,466014.81,Urbano,1624768.95
OBRA00656,Vial,2638.85,15,304387.84,552813.44,341291.46,Periurbano,1198492.74
OBRA00657,Residencial,5747.14,8,799702.8,347135.85,160547.09,Urbano,1307385.74
OBRA00658,Industrial,7325.34,59,594681.88,610267.87,191312.02,Urbano,1396261.77
OBRA00659,Vial,12953.75,19,675883.82,186823.7,279731.17,Urbano,1142438.69
OBRA00660,Industrial,11458.49,21,289691.89,282215.17,397107.27,,969014.33
OBRA00661,Hospitalario,7186.32,15,259214.04,450947.65,165811.45,Urbano,875973.14
OBRA00662,Educativo,19731.65,34,513955.9,473065.23,294068.27,Periurbano,1281089.4
OBRA00663,Educativo,12154.92,15,,47048.94,179356.25,Urbano,977092.65
OBRA00664,Educativo,4820.81,17,548977.77,757737.93,409727.01,Urbano,1716442.71
OBRA00665,Hidráulico,2125.47,35,81013.39,566403,238696.77,Rural,886113.16
OBRA00666,Industrial,3141.9,46,875123.93,411691.89,47594.19,,1334410.01
OBRA00667,Educativo,4994.56,6,111452.55,748507.97,91365.74,Periurbano,951326.26
OBRA00668,Hospitalario,3297.56,10,958033.26,368103.59,39941.29,Periurbano,1366078.14
OBRA00669,Educativo,3812.68,,73884.86,784935.39,254658.44,Urbano,1113478.69
OBRA00670,Industrial,5773.39,,709727.93,424459.26,62105.28,Urbano,1196292.47
OBRA00671,Educativo,3550.13,48,128096.71,118000.04,65928.58,Urbano,312025.33
OBRA00672,Industrial,17945.63,17,915142.75,618896.75,471113.65,Rural,2005153.15
OBRA00673,Vial,1696.65,6,491211.57,552751.25,437600.99,Periurbano,1481563.81
OBRA00674,Hospitalario,10537.78,59,180647.59,625199.78,231522.43,Urbano,1037369.8
OBRA00675,Industrial,8266.9,25,373774.91,762610.36,493044.61,Urbano,1629429.88
OBRA00676,Industrial,19649.33,33,206583.44,627896.76,10091.4,Urbano,844571.6
OBRA00677,Hidráulico,2329.57,48,212052.82,500729.18,310849.93,Periurbano,1023631.93
OBRA00678,Vial,8017.33,42,950702.9,690127.85,312049.81,Urbano,1952880.56
OBRA00679,Hospitalario,19392.46,52,472983.81,548399.76,234147.1,Urbano,1255530.67
OBRA00680,Hidráulico,17323.59,42,799362.15,344251.67,204504.51,Urbano,1348118.33
OBRA00681,Educativo,16359.73,17,657625.28,711927.22,233137.74,Periurbano,1602690.24
OBRA00682,Industrial,5232.27,42,692605.04,200863.35,213330.61,,1106799
OBRA00683,Hospitalario,3500.66,54,175108.77,580273.78,367941.31,,1123323.86
OBRA00684,Vial,13406,54,272475.22,708803.86,76324.16,Urbano,1057603.24
OBRA00685,Hidráulico,18594.58,49,797412.82,593113.72,106843.22,Urbano,1497369.76
OBRA00686,Industrial,11179.58,,972227.9,566902.07,98453.93,Rural,1637583.9
OBRA00687,Residencial,11475.09,52,299541.86,609531.49,138610.59,Periurbano,1047683.94
OBRA00688,Hospitalario,5671.58,20,307990.33,388092.54,267376.63,Urbano,963459.5
OBRA00689,Hidráulico,15412.91,11,499252.28,703111.43,64492.29,Urbano,1266856
OBRA00690,Vial,3822.17,49,984648.3,186646.09,435402.95,Urbano,1606697.34
OBRA00691,Hidráulico,6541.22,25,305511,128087.54,155707.15,Urbano,589305.69
OBRA00692,Hidráulico,8566.19,55,436623.31,249841.76,89643.61,Periurbano,776108.68
OBRA00693,Hidráulico,10201.45,19,896906.01,439314.6,341054.44,Urbano,1677275.05
OBRA00694,Educativo,4923.95,7,52774.98,423132.58,28662.29,Urbano,504569.85
OBRA00695,Residencial,2385.25,14,87777.67,661861.04,313784.6,Urbano,1063423.31
OBRA00696,Vial,12251.34,42,623868.09,341517.87,352117.23,Urbano,1317503.19
OBRA00697,Vial,5843.75,25,912011.16,402945.21,115309.1,Urbano,1430265.47
OBRA00698,Vial,11666.64,31,276913.83,40293.12,30562.4,Urbano,347769.35
OBRA00699,Industrial,3171.82,34,,345499.21,188186.23,Urbano,1029845.13
OBRA00700,Hospitalario,29024.07,6,477942.04,528786.16,58311.17,Rural,1065039.37
OBRA00701,Vial,10698.53,40,499322.78,41941.41,67074.15,Urbano,608338.34
OBRA00702,Hospitalario,1131.29,11,641393.71,246279.11,134588,Urbano,1022260.82
OBRA00703,Vial,6798.43,42,496256.57,190126.4,154779.28,Periurbano,841162.25
OBRA00704,Residencial,2774.85,58,475094.73,62328.78,269685.47,,807108.98
OBRA00705,Industrial,1361.16,10,500574,399030.27,342412.02,Rural,1242016.29
OBRA00706,Industrial,19800.21,38,,169926.94,300457.76,Urbano,1081708.77
OBRA00707,Hidráulico,6514.84,,560157.11,602172.79,82696.57,Urbano,1245026.47
OBRA00708,Educativo,16216.5,56,861429.2,682904.47,94322.16,Urbano,1638655.83
OBRA00709,Industrial,5167.35,19,97022.01,450100.59,440596.93,Urbano,987719.53
OBRA00710,Industrial,13661.9,17,841651.22,785914.65,283592.63,Urbano,1911158.5
OBRA00711,Residencial,15228.53,47,851728.38,376868.5,436269.54,Periurbano,1664866.42
OBRA00712,Vial,11953.21,25,320662.62,425293.52,192057.79,Urbano,938013.93
OBRA00713,Industrial,9484.37,58,489709.36,791697.67,311056,Urbano,1592463.03
OBRA00714,Industrial,8295.63,55,466611.56,208292.3,266595.07,Urbano,941498.93
OBRA00715,Educativo,7042.48,29,257584.34,755760.37,166370.51,,1179715.22
OBRA00716,Hospitalario,18597.63,48,426957,62984.92,240258.53,Rural,730200.45
OBRA00717,Residencial,16629.33,39,92168.38,373717.91,256220.53,Urbano,722106.82
OBRA00718,Educativo,19304.04,30,313930.97,83902.7,108377.78,Rural,506211.45
OBRA00719,Industrial,2573.51,55,825848.07,591510.75,164355.08,Periurbano,1581713.9
OBRA00720,Industrial,14644.26,34,320334.19,498474.88,397790.78,Urbano,1216599.85
OBRA00721,Residencial,18772.98,44,827296.34,574108.38,458736.24,Urbano,1860140.96
OBRA00722,Hidráulico,3706.54,36,555019.49,318349.91,186299.11,Periurbano,1059668.51
OBRA00723,Hidráulico,1423.28,52,885869.54,314501.09,160416.42,Rural,1360787.05
OBRA00724,Industrial,14848.3,48,596040.58,64895.84,105646.61,Urbano,766583.03
OBRA00725,Industrial,11532.01,55,78184.81,299457.6,342460.67,Periurbano,720103.08
OBRA00726,Educativo,16852.39,28,691649.2,745552.07,168318.85,Urbano,1605520.12
OBRA00727,Hospitalario,2881.47,49,92610.89,322004.43,493997.27,Periurbano,908612.59
OBRA00728,Hospitalario,15925.82,43,478067.17,670153.13,169585.55,Urbano,1317805.85
OBRA00729,Educativo,4112.38,25,932955.36,678590.64,203126.66,,1814672.66
OBRA00730,Educativo,3356.75,28,206943.74,317395.69,305633.76,Periurbano,829973.19
OBRA00731,Vial,3368.89,50,420378.74,516631.28,402825.3,Urbano,1339835.32
OBRA00732,Industrial,16310.04,57,743367.29,103436.13,240064.15,Urbano,1086867.57
OBRA00733,Vial,13337.42,21,888145.63,109832.51,217101.46,Urbano,1215079.6
OBRA00734,Hidráulico,10509,55,687395.85,67466.4,497862.54,Periurbano,1252724.79
OBRA00735,Industrial,7240.73,47,295264.59,477381.62,15141.88,Periurbano,787788.09
OBRA00736,Industrial,17556.29,13,690877.46,358074.65,448581.99,Rural,1497534.1
OBRA00737,Residencial,7909.66,55,331891.26,451984.91,83079,Urbano,866955.17
OBRA00738,Industrial,16350.33,26,732507.77,431226.36,395103.39,Periurbano,1558837.52
OBRA00739,Hidráulico,8838.78,6,956331.47,299656.3,312786.46,Urbano,1568774.23
OBRA00740,Hospitalario,7601.19,13,735323.78,551654.53,177505.17,Urbano,1464483.48
OBRA00741,Hospitalario,9307.33,34,869736.48,614046.45,438198.73,Rural,1921981.66
OBRA00742,Industrial,6097.42,37,51998.65,41263.76,16324.54,Urbano,109586.95
OBRA00743,Hospitalario,14977.43,,731693.52,189576.57,121078.42,Urbano,1042348.51
OBRA00744,Vial,10104.14,10,838108.18,579191.62,287777.47,,1705077.27
OBRA00745,Industrial,4721.03,52,88530.8,327697.53,182255.71,Urbano,598484.04
OBRA00746,Vial,18001.53,27,,540112.64,309084.97,Periurbano,1727215.45
OBRA00747,Educativo,7739.44,52,293859.52,297161.25,21813.99,Urbano,612834.76
OBRA00748,Educativo,10916.7,39,682027.5,330881.47,67064.88,Rural,1079973.85
OBRA00749,Residencial,18138.8,6,810337.14,152182.73,72277.16,Urbano,1034797.03
OBRA00750,Industrial,12522.34,31,679531.29,228837.89,102748.99,Urbano,1011118.17
OBRA00751,Educativo,2426.27,48,137670.55,496167.05,235072.41,Urbano,868910.01
OBRA00752,Educativo,18802.66,15,616505.44,363535.6,378543.06,Rural,1358584.1
OBRA00753,Hospitalario,12591.39,,572104.47,626213.07,453714.03,Rural,1652031.57
OBRA00754,Residencial,6764.62,55,905305.2,686490.42,419332.54,Periurbano,2011128.16
OBRA00755,Residencial,2871.51,23,434027.74,447067.74,106475.06,Rural,987570.54
OBRA00756,Hospitalario,15901.1,22,355027.04,613865.81,226163.77,Urbano,1195056.62
OBRA00757,Industrial,12439.45,31,,266316.48,107711.68,Rural,1136386.39
OBRA00758,Vial,10715.88,13,442041.56,349527.84,139591.19,Periurbano,931160.59
OBRA00759,Industrial,17888.46,52,663791.37,578838.81,256738.02,Rural,1499368.2
OBRA00760,Vial,15793.08,45,664127.59,327383.23,43373.42,Urbano,1034884.24
OBRA00761,Residencial,3118.33,54,893637.11,483148.8,116905.42,Urbano,1493691.33
OBRA00762,Hidráulico,6303.27,17,618757.78,172737.04,468335.3,Rural,1259830.12
OBRA00763,Industrial,5044.93,32,527045.93,491823.91,238396.98,Rural,1257266.82
OBRA00764,Hidráulico,14904.53,13,,693365.55,228239.4,Urbano,1103532.71
OBRA00765,Vial,767.3,30,159950.73,698852.52,17137.91,,875941.16
OBRA00766,Industrial,11440.8,51,196605.49,587745.19,131225.88,Periurbano,915576.56
OBRA00767,Hidráulico,15272.93,9,213256.06,604230.1,434483.29,Urbano,1251969.45
OBRA00768,Hidráulico,17547.64,38,655983.24,459604.13,90667.93,Periurbano,1206255.3
OBRA00769,Industrial,6907.43,6,753932.19,480194.43,213411.22,Urbano,1447537.84
OBRA00770,Hidráulico,16443.02,24,553491.95,132910.95,17022.14,,703425.04
OBRA00771,Industrial,2301.57,36,837566.85,371771.58,244384.39,Urbano,1453722.82
OBRA00772,Hidráulico,16944.4,21,,377097.74,20300.34,Urbano,1389098.15
OBRA00773,Residencial,2637.02,19,829012,768043.33,411608.68,Periurbano,2008664.01
OBRA00774,Industrial,8006.02,58,710138.25,361936.88,414178.35,Urbano,1486253.48
OBRA00775,Residencial,15966.18,53,,452993.84,395993.67,Urbano,1404855.57
OBRA00776,Hospitalario,3083.36,10,476410.42,440603.58,148848.39,Urbano,1065862.39
OBRA00777,Educativo,4662.1,46,130172.76,520306.52,420246.24,Urbano,1070725.52
OBRA00778,Residencial,14472.83,31,429400.31,606139.28,276069.08,Urbano,1311608.67
OBRA00779,Hidráulico,14428.73,33,914627.9,203282.24,193165.97,Rural,1311076.11
OBRA00780,Vial,12858.84,7,817621.5,437117.8,316411.68,Urbano,1571150.98
OBRA00781,Hospitalario,13909.57,55,255248.8,665956.63,16047.11,Periurbano,937252.54
OBRA00782,Residencial,10900.22,11,493277.4,386598.33,80050.83,Periurbano,959926.56
OBRA00783,Hospitalario,5110.8,14,825887.04,244412.31,373723.83,Urbano,1444023.18
OBRA00784,Residencial,6979.35,38,114015.33,534125.99,129639.19,Periurbano,777780.51
OBRA00785,Residencial,3713.79,46,418022.96,664300.89,303024.47,Urbano,1385348.32
OBRA00786,Vial,18178.17,30,859249.18,393090.15,198700.28,Urbano,1136567.49
OBRA00787,Vial,11709.5,53,433702.97,628128.67,428854.83,Urbano,1490686.47
OBRA00788,Residencial,8076.94,18,123733.91,662668.91,476683.5,Urbano,1263086.32
OBRA00789,Educativo,9293.92,14,565407.65,385372.65,442946.72,Urbano,1393727.02
OBRA00790,Vial,18950.94,58,868655.37,787145.36,142603.8,Rural,1798404.53
OBRA00791,Vial,3151.69,18,610771.27,635765.42,105139.81,Urbano,1351676.5
OBRA00792,Vial,11765.97,36,264965.15,625720.17,242473.1,Rural,1133158.42
OBRA00793,Industrial,10167.18,46,415027.64,605835.7,13593.73,Urbano,1034457.07
OBRA00794,Hospitalario,12267.94,16,477617.19,145968.24,22646.6,Rural,646232.03
OBRA00795,Residencial,460.39,,600303.04,197267.78,281112.41,Urbano,1078683.23
OBRA00796,Educativo,17455.27,39,771383.47,387272.4,265020.21,Urbano,1423676.08
OBRA00797,Vial,18649.15,43,143929.94,233283.35,497345.17,Urbano,874558.46
OBRA00798,Industrial,34038.45,51,895169.43,349735.55,108902.5,,1353807.48
OBRA00799,Hospitalario,13963.35,9,61694.22,714117.36,136470.93,Urbano,912282.51
OBRA00800,Hidráulico,18457.74,43,401549.72,664731.71,65634.91,Periurbano,1131916.34
OBRA00801,Hidráulico,14174.05,24,76049.29,515130.71,459596.07,Urbano,1050776.07
OBRA00802,Vial,3135.53,11,423325.51,690752.7,391127.51,Rural,1505205.72
OBRA00803,Educativo,11568.14,39,549521.97,633504.74,412946.16,Rural,1595972.87
OBRA00804,Educativo,12173.63,23,536097.32,360318.4,452354.26,Periurbano,1348769.98
OBRA00805,Hospitalario,8540.2,18,207346.93,184820.17,267200.99,Urbano,659368.09
OBRA00806,Hospitalario,14755.24,,663453.48,425934.8,231084.66,Urbano,1320472.94
OBRA00807,Residencial,18693.9,28,92539.53,596896.24,171891.82,Periurbano,861327.59
OBRA00808,Vial,18518.81,24,773811.48,366043.09,298715.16,Rural,1438569.73
OBRA00809,Hidráulico,9071.7,50,949312.21,543414.37,232596.41,Urbano,1725322.99
OBRA00810,Residencial,2353.44,16,372780.39,102632.12,231267.14,Urbano,706679.65
OBRA00811,Educativo,19698.34,6,541377.41,605963.65,469094.65,Urbano,1616435.71
OBRA00812,Residencial,16794.07,29,409964.76,655789.49,492175.44,Urbano,1557929.69
OBRA00813,Hidráulico,2580.79,59,56374.87,574265.15,400277.35,Rural,1030917.37
OBRA00814,Educativo,18424.75,12,416580.78,774792.96,380811.46,Urbano,1572185.2
OBRA00815,Hospitalario,17410.94,30,,666522.08,343473.5,Urbano,1812129.83
OBRA00816,Industrial,10424.88,26,616189.4,725382.17,91376.68,Urbano,1432948.25
OBRA00817,Industrial,11866.38,20,146196.92,748849.73,38961.85,Urbano,934008.5
OBRA00818,Hospitalario,8040.15,6,854782.52,647037.95,348455.89,Rural,1850276.36
OBRA00819,Vial,1189.76,17,554531.08,549179.31,367105.25,Periurbano,1470815.64
OBRA00820,Residencial,6770.43,12,849637.19,34403.31,33016.77,Urbano,917057.27
OBRA00821,Educativo,16076.78,20,601210.44,388685.83,464745.36,,1454641.63
OBRA00822,Hospitalario,192.18,26,581704.02,469794.97,54658.91,Urbano,1106157.9
OBRA00823,Hospitalario,6736.63,24,149996.23,264103.31,150091.26,Urbano,564190.8
OBRA00824,Vial,8023.56,34,208991.75,274940.42,339471.01,Urbano,823403.18
OBRA00825,Residencial,10794.17,30,973423.99,770092.75,93237.57,Urbano,1836754.31
OBRA00826,Hospitalario,18405.13,38,267062.41,716617.37,37153.79,Urbano,1020833.57
OBRA00827,Hidráulico,6992.29,54,978579.51,683867.83,172261.78,Urbano,1834709.12
OBRA00828,Hospitalario,7004.37,37,555317.07,342629.09,385326.07,Periurbano,1283272.23
OBRA00829,Educativo,14776.27,54,178999.59,40547.88,212702.55,Urbano,432250.02
OBRA00830,Residencial,9099.14,40,144337.09,91771.13,329956.73,,566064.95
OBRA00831,Educativo,4569.64,49,,270391.2,294013.36,Urbano,812825.43
OBRA00832,Residencial,9103.55,43,929355.46,42122.04,20887.06,Periurbano,992364.56
OBRA00833,Hidráulico,2903.05,31,443442.71,43205.33,494384.59,Rural,981032.63
OBRA00834,Educativo,3610.1,16,425662.55,735784.54,30299.76,Urbano,1191746.85
OBRA00835,Industrial,10017.52,40,,573742.05,484223.34,Rural,1405511.34
OBRA00836,Hospitalario,8436.62,13,189708.76,267896.11,279433.45,Urbano,737038.32
OBRA00837,Hidráulico,18305.43,51,513458.64,132136.32,481947.92,Rural,1127542.88
OBRA00838,Residencial,7311.64,19,173545.39,423959.5,66229.26,Urbano,663734.15
OBRA00839,Educativo,11653.71,15,843706.22,34116.54,250300.17,Rural,1128122.93
OBRA00840,Hospitalario,12682.06,7,401877.14,752578.58,93057.01,Rural,1247512.73
OBRA00841,Hidráulico,360.58,51,406063.39,349407.64,34977.69,Urbano,790448.72
OBRA00842,Residencial,13304.39,14,500306.11,339797.92,312589.27,,1152693.3
OBRA00843,Industrial,3642.92,8,471921.33,330757.08,111813.88,Periurbano,914492.29
OBRA00844,Industrial,19225.3,26,995115.07,83382.81,297971.54,,1376469.42
OBRA00845,Residencial,3058.39,31,568112.07,521508.12,65058.6,Urbano,1154678.79
OBRA00846,Industrial,8351.02,13,133791.62,594412.79,172673.37,Urbano,900877.78
OBRA00847,Hidráulico,1798.46,53,626533.47,550616.56,392999.95,Urbano,1570149.98
OBRA00848,Hospitalario,19937.8,7,194005.08,136595.33,224155.25,Periurbano,554755.66
OBRA00849,Industrial,10093.68,11,79390.76,475706.93,317595.25,,872692.94
OBRA00850,Hospitalario,11948.16,33,,468503.05,327254.39,Urbano,1767962.49
OBRA00851,Vial,1434.82,,784861.95,698676.31,423439.97,Rural,1906978.23
OBRA00852,Industrial,45072.63,34,981103.54,321928.3,169212.17,Periurbano,1472244.01
OBRA00853,Vial,4277.12,31,503984.53,316044.18,346774.83,Urbano,1166803.54
OBRA00854,Hospitalario,17971.28,,555644.65,506265.84,481191.75,Urbano,1543102.24
OBRA00855,Educativo,4182.28,17,209920.11,517465.94,367819.23,Periurbano,1095205.28
OBRA00856,Hospitalario,3894.69,10,284562.06,391349.63,250036.53,Rural,925948.22
OBRA00857,Hidráulico,827.34,,846621.75,371155.71,319051.55,Urbano,1536829.01
OBRA00858,Educativo,9494.13,53,388376.36,410493.71,372444.62,Urbano,1171314.69
OBRA00859,Educativo,11340.34,,835474.23,693004.88,310015.13,Urbano,1838494.24
OBRA00860,Industrial,1407.6,20,723563.04,385098.51,18171.15,Urbano,1126832.7
OBRA00861,Industrial,15533,49,,753747.48,105439.01,Urbano,1077498.87
OBRA00862,Industrial,9120.45,41,532074.05,418082.9,407129.43,Periurbano,1357286.38
OBRA00863,Hospitalario,10535.37,20,693517.96,760884.53,143598.82,Urbano,1598001.31
OBRA00864,Educativo,8871.18,48,273285.35,671280.56,368465.44,Rural,1313031.35
OBRA00865,Hidráulico,8075.18,53,839154.08,309072.12,192338.91,Urbano,1340565.11
OBRA00866,Hidráulico,11236.84,28,567586.27,695003.89,265723.32,Rural,1528313.48
OBRA00867,Vial,3189.28,11,206979.95,114748.73,43306.92,Rural,365035.6
OBRA00868,Residencial,3720.37,51,603835.2,742286.33,98800.52,Urbano,1444922.05
OBRA00869,Hidráulico,17249.53,55,999728.11,516365.51,479026.51,Urbano,1995120.13
OBRA00870,Industrial,18927.7,49,192995.42,71880.88,446167.65,Urbano,711043.95
OBRA00871,Vial,7528.86,48,825919.08,526077.68,329614.8,Periurbano,1681611.56
OBRA00872,Industrial,5487.82,50,246943.55,780170.69,235225.85,Periurbano,1262340.09
OBRA00873,Educativo,12915.59,26,793268.91,83746.5,341123.03,Urbano,1218138.44
OBRA00874,Educativo,8233.81,28,747849.03,457109.54,313119.04,Urbano,1518077.61
OBRA00875,Hospitalario,605.19,48,335464.92,605801.65,288590.61,,1229857.18
OBRA00876,Industrial,3207.44,21,359531.96,653899.11,38996.77,Rural,1052427.84
OBRA00877,Hidráulico,14347.85,52,802895.32,348647.15,320073.28,Urbano,1471615.75
OBRA00878,Residencial,13212.59,58,488373.24,187208.25,386770.82,Urbano,1062352.31
OBRA00879,Industrial,639.21,20,744277.13,62603.55,497100.01,Urbano,1303980.69
OBRA00880,Hidráulico,4517.25,30,190584.94,476389.14,15428.49,Urbano,682402.57
OBRA00881,Vial,4698.39,41,859929.89,378741.52,367784.99,Rural,1606456.4
OBRA00882,Industrial,13470.67,16,725340.48,760533.18,290176.76,Urbano,1776050.42
OBRA00883,Vial,492.24,56,911595.67,76665.78,222685.57,Rural,1210947.02
OBRA00884,Hidráulico,2171.76,20,175753.76,557754.41,72509.39,Urbano,806017.56
OBRA00885,Hidráulico,16018.33,9,,49223.99,210451.72,Urbano,873039.49
OBRA00886,Hidráulico,3653.04,26,619164.56,162004.32,183644.82,,964813.7
OBRA00887,Hidráulico,13089.65,18,385787.7,379255.83,158386.65,Periurbano,923430.18
OBRA00888,Educativo,4839.84,27,485543.1,380251.78,368131.02,Rural,1233925.9
OBRA00889,Hospitalario,2078.88,24,86082.49,557989.42,353355.51,Urbano,997427.42
OBRA00890,Hidráulico,4939.13,39,758567.04,730864.04,298619.84,Urbano,1788050.92
OBRA00891,Educativo,14473.11,19,571856.36,522054.76,469945.76,,1563856.88
OBRA00892,Residencial,17128.36,9,104854,764222.03,181428.65,Urbano,1050504.68
OBRA00893,Educativo,16621.38,53,696718.1,708844.04,129462.95,Urbano,1535025.09
OBRA00894,Vial,8003.95,58,493442.97,480064.84,331392.62,Periurbano,1304900.43
OBRA00895,Residencial,13394.89,57,82738.2,672019.8,107418.89,Periurbano,862176.89
OBRA00896,Vial,4179.19,51,971127.34,524784.76,164355.15,Periurbano,1660267.25
OBRA00897,Hospitalario,5933.64,32,951656.54,90489.53,120055.2,Periurbano,1162201.27
OBRA00898,Industrial,17937.08,34,537257.3,600234.84,43885.25,Periurbano,1181377.39
OBRA00899,Industrial,1076.22,52,138988.8,103079.5,415474.38,Urbano,657542.68
OBRA00900,Educativo,1801.62,33,766890.16,487443.74,134724.87,Urbano,1389058.77
OBRA00901,Vial,4236.94,40,517334.55,571032.96,241783.48,Urbano,1330150.99
OBRA00902,Hospitalario,627.99,13,,81226.26,31224.48,Urbano,449775.84
OBRA00903,Industrial,3710.57,21,516847.27,207711.88,352676.34,Urbano,1077235.49
OBRA00904,Hospitalario,11702.53,47,546321.94,735067.62,171974.89,Urbano,1453364.45
OBRA00905,Hospitalario,8486.35,41,584576.11,504562.16,374921,Urbano,1464059.27
OBRA00906,Industrial,17864.17,35,469162.53,219640.23,212077.5,Urbano,900880.26
OBRA00907,Industrial,16367.13,23,625467.54,561823.42,105920.25,Urbano,1293211.21
OBRA00908,Residencial,6902.17,7,922797.98,489517.84,261455.79,Urbano,1673771.61
OBRA00909,Residencial,5262.53,54,394154.68,416213.29,73947.23,Urbano,884315.2
OBRA00910,Hidráulico,7655.88,18,739430.64,781663.97,225864.19,Rural,1746958.8
OBRA00911,Vial,11846.87,9,899729.93,556259.41,165479.68,Urbano,1621469.02
OBRA00912,Industrial,5434.47,31,,319089.65,456860.2,Urbano,1259130.16
OBRA00913,Hospitalario,12520.56,30,471283.04,646056.54,39855.07,Rural,1157194.65
OBRA00914,Vial,8247.29,35,622011.14,711129.14,350068.53,Urbano,1683208.81
OBRA00915,Hidráulico,11085.74,16,611836.42,126419.83,99548.07,Urbano,837804.32
OBRA00916,Hospitalario,8778.92,12,816259.88,184425.79,166332.09,Urbano,1167017.76
OBRA00917,Educativo,5959.87,36,502659.21,196494.8,213601.89,Urbano,912755.9
OBRA00918,Hidráulico,18974.22,49,996316.8,562233.09,454927.39,Periurbano,2013477.28
OBRA00919,Industrial,15295.76,15,106497.99,494340.46,128863.35,Urbano,729701.8
OBRA00920,Educativo,2888.25,44,53009.46,506623.5,54741.31,Rural,614374.27
OBRA00921,Educativo,17382.51,18,658188.4,754395.44,166157.91,Urbano,1578741.75
OBRA00922,Hidráulico,9799.88,36,333513.17,627451.88,61291.23,Urbano,1022256.28
OBRA00923,Industrial,17901.59,12,,128511.43,73012.28,Urbano,479886.98
OBRA00924,Hospitalario,16017.12,54,346304.13,1487902.25,291186.79,Urbano,935071.37
OBRA00925,Educativo,8561.75,47,293245.19,365253.11,39841.95,Urbano,698340.25
OBRA00926,Hidráulico,547.14,47,79250.55,334890.42,25156.13,Urbano,439297.1
OBRA00927,Hidráulico,5446.68,41,972956.39,545367.63,360062.91,Urbano,1878386.93
OBRA00928,Hospitalario,10878.52,,259708.21,716757.69,187207.08,Rural,1163672.98
OBRA00929,Industrial,12706.22,9,747328.27,265659.63,71433.92,Urbano,1084421.82
OBRA00930,Hidráulico,5231.96,59,774466.57,454945.4,134270.26,Periurbano,1363682.23
OBRA00931,Hidráulico,2873.19,12,932794.53,637845.25,324622.39,Rural,1895262.17
OBRA00932,Hidráulico,16715.11,59,79021.98,350487.91,145012.92,Urbano,574522.81
OBRA00933,Vial,19689.6,6,878445.92,159450.96,252315.35,Urbano,1290212.23
OBRA00934,Residencial,10561.23,49,550864.87,395712.24,69630.7,Urbano,1016207.81
OBRA00935,Hospitalario,3516.42,50,650916.9,72521.34,298165.88,Rural,1021604.12
OBRA00936,Vial,5518.92,47,662246.76,755635.26,164878.07,,1582760.09
OBRA00937,Hidráulico,465.97,52,828807.91,87612.33,317214.53,Periurbano,1233634.77
OBRA00938,Residencial,18294.55,18,366736.96,367611.67,406113.49,Urbano,1140462.12
OBRA00939,Hospitalario,2443.25,,746398.63,438008.57,309706.75,Periurbano,1494113.95
OBRA00940,Educativo,11572.68,59,,788683.95,154916.31,Urbano,1495749.46
OBRA00941,Hospitalario,5553.7,26,803724.31,157836.8,135314.41,Periurbano,1096875.52
OBRA00942,Vial,11128.14,27,991018.73,118112.27,170436.27,Urbano,1279567.27
OBRA00943,Vial,13063.27,33,240618.47,36703.73,90664.05,Urbano,367986.25
OBRA00944,Vial,16611.86,14,994916.21,149790.01,98774.21,Urbano,1243480.43
OBRA00945,Hospitalario,4207.78,31,135321.55,189600.19,397438.64,Urbano,722360.38
OBRA00946,Industrial,318.82,14,52201.67,515547.33,198518.96,Periurbano,766267.96
OBRA00947,Hidráulico,2824.02,20,91953.84,199174.23,223637.64,Urbano,514765.71
OBRA00948,Hospitalario,18010.37,15,374693.28,45801.03,301084.24,Urbano,721578.55
OBRA00949,Educativo,17490.41,29,651261.01,666496.13,298930.21,Urbano,1616687.35
OBRA00950,Educativo,11988.52,47,115578.06,311508.69,43014.67,Urbano,470101.42
OBRA00951,Educativo,12050.29,13,55382.52,302346.45,417454.99,Urbano,775183.96
OBRA00952,Hidráulico,13334.23,29,940236.48,262908.85,96890.01,Rural,1300035.34
OBRA00953,Residencial,3589.89,21,830830.3,781037.42,364305.1,Urbano,1976172.82
OBRA00954,Vial,18296.8,54,818724.01,160988.87,388608.78,Periurbano,1368321.66
OBRA00955,Hidráulico,8433.53,31,890203.06,721643.31,360300.77,Urbano,1972147.14
OBRA00956,Vial,7724.46,,715032.56,628138.57,293699.05,Urbano,1636870.18
OBRA00957,Hidráulico,10426.46,42,149183.92,88889.57,17158.41,Rural,255231.9
OBRA00958,Vial,1034.62,9,429145.18,789781.41,186583.99,Rural,1405510.58
OBRA00959,Hidráulico,3409.04,55,736992.01,238951.79,306371.32,Urbano,1282315.12
OBRA00960,Residencial,44360.61,29,316317.74,105908.85,199851.14,Rural,622077.73
OBRA00961,Hospitalario,1747.69,24,703036.05,668571.96,433105.15,Urbano,1804713.16
OBRA00962,Educativo,12102.73,41,73273.53,574140.16,161313.11,Urbano,808726.8
OBRA00963,Vial,4982.45,44,,505258.48,153832.05,Periurbano,999921
OBRA00964,Hidráulico,7846.98,15,571673.82,150105.27,140338.87,Urbano,862117.96
OBRA00965,Residencial,5845.01,30,650485.34,398442.01,173062.63,Urbano,1221989.98
OBRA00966,Residencial,7177.89,23,598188.63,631028.14,283128.43,Periurbano,1512345.2
OBRA00967,Educativo,14409.01,24,712868.46,263790.43,356437.49,Periurbano,1333096.38
OBRA00968,Hidráulico,6012.72,,55784.31,270001.17,334658.28,Urbano,660443.76
OBRA00969,Hospitalario,11371.45,15,145894.14,32418.5,405781.73,Urbano,584094.37
OBRA00970,Vial,9573.4,38,875497.04,164167.42,444097.86,Urbano,1483762.32
OBRA00971,Hospitalario,13307.06,55,697661.21,704062.33,409878.73,Periurbano,1811602.27
OBRA00972,Industrial,18742.91,10,157285.06,370144.8,19283.25,Periurbano,546713.11
OBRA00973,Residencial,14678.18,52,849970.72,787860.56,370599.8,Urbano,2008431.08
OBRA00974,Residencial,4377.31,54,280119.66,334695.13,112115.79,Urbano,726930.58
OBRA00975,Educativo,720.54,40,504346.89,580693.57,75134.74,Urbano,1160175.2
OBRA00976,Hidráulico,5319.05,49,187936.69,247077.66,322859.5,Rural,757873.85
OBRA00977,Industrial,11942.05,39,724604.55,310133.42,166674.17,Rural,1201412.14
OBRA00978,Industrial,1123.37,38,683511.7,176859.01,37987.41,Rural,898358.12
OBRA00979,Industrial,9977.69,26,250556.85,297238.02,77438.57,Periurbano,625233.44
OBRA00980,Hidráulico,11977.17,22,870230.73,451372.89,10455.41,Urbano,1332059.03
OBRA00981,Vial,6751.45,27,431240.72,793665.12,452579.58,,1677485.42
OBRA00982,Residencial,15441.15,53,327889.34,541435.32,22062.81,Urbano,891387.47
OBRA00983,Hidráulico,2221.31,42,194713.11,183419.38,112633.33,Urbano,490765.82
OBRA00984,Industrial,1595.24,20,302859.61,64620.31,213968.76,Urbano,581448.68
OBRA00985,Residencial,14590.96,40,70925.58,127294.49,184719.95,Urbano,382940.02
OBRA00986,Residencial,9960.28,33,604094.62,463167.5,456745.68,,1524007.8
OBRA00987,Industrial,13799.21,12,850119.21,619173.45,29741.58,Periurbano,1499034.24
OBRA00988,Industrial,8753.06,37,571531.43,754122.79,260985.21,Urbano,1586639.43
OBRA00989,Residencial,5003.4,16,258310.26,42183.84,343434.94,,643929.04
OBRA00990,Educativo,16400.14,15,81985.72,432525.31,466532.01,Urbano,981043.04
OBRA00991,Hospitalario,16008.38,14,253896.67,392567.86,313981.91,Rural,960446.44
OBRA00992,Hospitalario,13924.46,19,445315.36,535162.37,403840.07,Rural,1384317.8
OBRA00993,Residencial,5515.69,18,771630.86,460875.72,51025.22,Urbano,1283531.8
OBRA00994,Vial,11845.59,30,228450.71,559020.15,199110.36,Urbano,986581.22
OBRA00995,Vial,7283.38,7,733801.88,536723.59,193234.1,,1463759.57
OBRA00996,Educativo,1922.48,40,873586.79,120099.03,444281.23,Urbano,1437967.05
OBRA00997,Hidráulico,18354.54,,,645782.79,84171.87,Urbano,1211204.17
OBRA00998,Residencial,2822.69,26,830360.39,124889.08,84424.22,Periurbano,1039673.69
OBRA00999,Vial,19009.72,23,576924.48,567868.58,170993.49,Periurbano,1315786.55
OBRA01000,Residencial,8975.51,8,655236.3,350431.93,36688.36,Urbano,1042356.59
OBRA00779,Hidráulico,14428.73,33,914627.9,203282.24,193165.97,Rural,1311076.11
OBRA00335,Vial,1015.45,40,77617.81,224666.48,197303.6,Urbano,499587.89
OBRA00272,Residencial,16221.26,35,760782.31,766366.47,470689.76,,1997838.54
OBRA00803,Educativo,11568.14,39,549521.97,633504.74,412946.16,Rural,1595972.87
OBRA00217,Educativo,6575.45,53,992008.99,334308.56,398849.62,Urbano,1725167.17
OBRA00409,Hidráulico,18117.1,32,498457.41,652768.29,366489.32,Urbano,1517715.02
OBRA00813,Hidráulico,2580.79,59,56374.87,574265.15,400277.35,Rural,1030917.37
OBRA00095,Hospitalario,15442.25,40,594389.36,559794.22,329242.68,Rural,1483426.26
OBRA00488,Vial,5691.17,38,203538.82,31554.26,12648.41,Urbano,247741.49
OBRA00171,Vial,13583.53,54,402838.14,76684.27,305860.53,Urbano,785382.94
